comments,sentiments,cleaned_text,sbert_cluster_7,theme
TEACHERS HELP US IN CAREER BUILDING,1,teachers help us in career building,3,Teacher Performance & Student Support
Having no technical knowledge about their taught subject,0,having no technical knowledge about their taught subject,6,Subject Knowledge & Practical Learning
teacher should give us the practical knowledge other than theortical,2,teacher should give us the practical knowledge other than theortical,0,Teaching Methodology & Teaching Style
better teaching methodology,1,better teaching methodology,0,Teaching Methodology & Teaching Style
best teaching method,1,best teaching method,0,Teaching Methodology & Teaching Style
teaching method is very tough and very diffcult to understand,0,teaching method is very tough and very diffcult to understand,0,Teaching Methodology & Teaching Style
THEY IMPART modern and latest knowledge to us,1,they impart modern and latest knowledge to us,6,Subject Knowledge & Practical Learning
teachers give us all the required information to improve the performance.,1,teachers give us all the required information to improve the performance,0,Teaching Methodology & Teaching Style
Your teaching style is engaging,1,your teaching style is engaging,0,Teaching Methodology & Teaching Style
least EXPOSURE to modern trends discussed,0,least exposure to modern trends discussed,6,Subject Knowledge & Practical Learning
teacher was kind,1,teacher was kind,0,Teaching Methodology & Teaching Style
even when we asked some irrelevant question teacher gave proper attention to them,1,even when we asked some irrelevant question teacher gave proper attention to them,3,Teacher Performance & Student Support
why did not you play cricket with us,2,why did not you play cricket with us,4,"Teacher Behaviour, Fairness & Professional Conduct"
Professor should be free on his teaching styles,2,professor should be free on his teaching styles,2,Teacher Approach & Interpersonal Qualities
You give proper important to it,1,you give proper important to it,4,"Teacher Behaviour, Fairness & Professional Conduct"
teachers turn down the leave,0,teachers turn down the leave,3,Teacher Performance & Student Support
 teacher sometimes passes MOCKING remarks,0,teacher sometimes passes mocking remarks,3,Teacher Performance & Student Support
you make learning a truly enjoyable experience.,1,you make learning a truly enjoyable experience,4,"Teacher Behaviour, Fairness & Professional Conduct"
One should not be biasd on gender basis,2,one should not be biasd on gender basis,4,"Teacher Behaviour, Fairness & Professional Conduct"
less attention is given towards practical work,0,less attention is given towards practical work,6,Subject Knowledge & Practical Learning
Teacher may assess the students at lower level,2,teacher may assess the students at lower level,3,Teacher Performance & Student Support
You have a gift for simplifying complex topics,1,you have a gift for simplifying complex topics,6,Subject Knowledge & Practical Learning
student assessment should be uniform,2,student assessment should be uniform,5,Classroom Management & Academic Practices
always going the extra mile to help your students succeed.,1,always going the extra mile to help your students succeed,5,Classroom Management & Academic Practices
When you entered in the Class you were looking like a strict Professor,2,when you entered in the class you were looking like a strict professor,5,Classroom Management & Academic Practices
he is kind,1,he is kind,2,Teacher Approach & Interpersonal Qualities
it's clear you genuinely care about your students' progress.,1,it s clear you genuinely care about your students progress,5,Classroom Management & Academic Practices
teacher should try to learn about our thoughts or problems. ,2,teacher should try to learn about our thoughts or problems,3,Teacher Performance & Student Support
they take tough papers,0,they take tough papers,6,Subject Knowledge & Practical Learning
You create a welcoming classroom atmosphere,1,you create a welcoming classroom atmosphere,5,Classroom Management & Academic Practices
teachers should look into the financial matter of the students,2,teachers should look into the financial matter of the students,3,Teacher Performance & Student Support
FACULTY DON'T include latest technologies,0,faculty don t include latest technologies,6,Subject Knowledge & Practical Learning
Lab work is properly covered in the labs by the faculty and evaluations help to learn more. ,1,lab work is properly covered in the labs by the faculty and evaluations help to learn more,6,Subject Knowledge & Practical Learning
insist on practical work that provides detail knowledge of theoretical work,1,insist on practical work that provides detail knowledge of theoretical work,6,Subject Knowledge & Practical Learning
Everything is going fine in lab . learning new things. That is good for us,1,everything is going fine in lab learning new things that is good for us,6,Subject Knowledge & Practical Learning
Lab and practical are not upto the mark.,0,lab and practical are not upto the mark,6,Subject Knowledge & Practical Learning
Not upto the mark,0,not upto the mark,4,"Teacher Behaviour, Fairness & Professional Conduct"
The topic which are practiced are basic.,0,the topic which are practiced are basic,6,Subject Knowledge & Practical Learning
Practical work is fair,1,practical work is fair,6,Subject Knowledge & Practical Learning
Practical and easy learning,1,practical and easy learning,1,Technical & Programming Learning
the EVALUATION is biased or injustified,0,the evaluation is biased or injustified,4,"Teacher Behaviour, Fairness & Professional Conduct"
FACULTY DID TREMENDOUS JOB OF TEACHING DURING COVID,1,faculty did tremendous job of teaching during covid,0,Teaching Methodology & Teaching Style
one of the faculty member is weird,0,one of the faculty member is weird,2,Teacher Approach & Interpersonal Qualities
THEY DRESS PROPERLY,1,they dress properly,4,"Teacher Behaviour, Fairness & Professional Conduct"
his attitude is really annoying,0,his attitude is really annoying,2,Teacher Approach & Interpersonal Qualities
AWESOME PERFORMANCE by the instructor,1,awesome performance by the instructor,0,Teaching Methodology & Teaching Style
he expects us to deliver answer in the way he wants us to do. ,0,he expects us to deliver answer in the way he wants us to do,4,"Teacher Behaviour, Fairness & Professional Conduct"
The counseling for the practical life and Character upbringing should also go hand in hand with course.,2,the counseling for the practical life and character upbringing should also go hand in hand with course,0,Teaching Methodology & Teaching Style
teachers make us feel comfortable and motivated to learn.,1,teachers make us feel comfortable and motivated to learn,3,Teacher Performance & Student Support
Students family problems on leaves should be respected,2,students family problems on leaves should be respected,5,Classroom Management & Academic Practices
knowing family background and economic status is equally important with studies,2,knowing family background and economic status is equally important with studies,6,Subject Knowledge & Practical Learning
you make it easy for us to grasp new concepts.,1,you make it easy for us to grasp new concepts,6,Subject Knowledge & Practical Learning
I appreciate his way of understanding students as their mindset  with physical and real life examples,1,i appreciate his way of understanding students as their mindset with physical and real life examples,2,Teacher Approach & Interpersonal Qualities
teachers should spare more time to know where his students stannding,2,teachers should spare more time to know where his students stannding,3,Teacher Performance & Student Support
teachers need to give some application or practical task to   do in your free time,2,teachers need to give some application or practical task to do in your free time,3,Teacher Performance & Student Support
He should have a day for the talk session for each students on monthly basses,2,he should have a day for the talk session for each students on monthly basses,2,Teacher Approach & Interpersonal Qualities
teacher is unable to assess students' level,0,teacher is unable to assess students level,3,Teacher Performance & Student Support
Great methodology of teaching,1,great methodology of teaching,0,Teaching Methodology & Teaching Style
teacheR TEACH related to field,1,teacher teach related to field,0,Teaching Methodology & Teaching Style
they provide Future direction,1,they provide future direction,6,Subject Knowledge & Practical Learning
having solid Knowledge of subject,1,having solid knowledge of subject,6,Subject Knowledge & Practical Learning
great aptitude towards studies,1,great aptitude towards studies,5,Classroom Management & Academic Practices
he is passionate about the teaching,1,he is passionate about the teaching,2,Teacher Approach & Interpersonal Qualities
he is unfair to studies,0,he is unfair to studies,2,Teacher Approach & Interpersonal Qualities
he is highly interested in research and studies,1,he is highly interested in research and studies,2,Teacher Approach & Interpersonal Qualities
Give favoritism to some selected students,0,give favoritism to some selected students,5,Classroom Management & Academic Practices
they are not interested in studies,0,they are not interested in studies,5,Classroom Management & Academic Practices
Having least knowledge of the field,0,having least knowledge of the field,6,Subject Knowledge & Practical Learning
teach students above their level,0,teach students above their level,0,Teaching Methodology & Teaching Style
5. Leaving a topic uncompleted and then never complete it,1,leaving a topic uncompleted and then never complete it,6,Subject Knowledge & Practical Learning
teacher should avoid favouritism,0,teacher should avoid favouritism,3,Teacher Performance & Student Support
teachers may be given sujbect of their field instead of random allocation,0,teachers may be given sujbect of their field instead of random allocation,3,Teacher Performance & Student Support
discipline is their top priority,1,discipline is their top priority,6,Subject Knowledge & Practical Learning
do not compromise on discipline during lecture time,1,do not compromise on discipline during lecture time,5,Classroom Management & Academic Practices
teacher should give lab demo by himself or herself,0,teacher should give lab demo by himself or herself,3,Teacher Performance & Student Support
more attention be focused on practical work,0,more attention be focused on practical work,6,Subject Knowledge & Practical Learning
mathematics subjects are not taught well,0,mathematics subjects are not taught well,0,Teaching Methodology & Teaching Style
they are available for counselling hours in their offices,1,they are available for counselling hours in their offices,6,Subject Knowledge & Practical Learning
teachers deliver seminars on the state of the art ,1,teachers deliver seminars on the state of the art,0,Teaching Methodology & Teaching Style
latest trends and techniques are taught through workshops,1,latest trends and techniques are taught through workshops,0,Teaching Methodology & Teaching Style
impactful webinars were arranged during COVID-19,1,impactful webinars were arranged during covid,6,Subject Knowledge & Practical Learning
COVID-19 open new avenue for elearnring,1,covid open new avenue for elearnring,4,"Teacher Behaviour, Fairness & Professional Conduct"
COVID-19 damaged teaching standards,0,covid damaged teaching standards,3,Teacher Performance & Student Support
students are interested in skills not mere descriptive lectures,0,students are interested in skills not mere descriptive lectures,5,Classroom Management & Academic Practices
webinars on modern topic were delivered,1,webinars on modern topic were delivered,6,Subject Knowledge & Practical Learning
teacher need to be regular and puntual,0,teacher need to be regular and puntual,3,Teacher Performance & Student Support
PROVIDED KNOWLEDGE AND MATERIAL IS GOOD,1,provided knowledge and material is good,6,Subject Knowledge & Practical Learning
class tests and assignments may be given as per schedule not at the end of the semester,0,class tests and assignments may be given as per schedule not at the end of the semester,5,Classroom Management & Academic Practices
teachers should teach us not slide the sldies,0,teachers should teach us not slide the sldies,3,Teacher Performance & Student Support
some of them are very helpful and knowledgeable,1,some of them are very helpful and knowledgeable,6,Subject Knowledge & Practical Learning
teachers should change methodology towars skill development,0,teachers should change methodology towars skill development,0,Teaching Methodology & Teaching Style
"WE SAY ""no CGPA"", JUST ""skills""",0,we say no cgpa just skills,6,Subject Knowledge & Practical Learning
lab work standards should be increased,0,lab work standards should be increased,6,Subject Knowledge & Practical Learning
"ALL APPRECIATIONS FOR THEM, THEY ARE EXCELLENT",1,all appreciations for them they are excellent,4,"Teacher Behaviour, Fairness & Professional Conduct"
Teachers should be neutral for both genders,0,teachers should be neutral for both genders,3,Teacher Performance & Student Support
there should be no gender biasness while checking papers,0,there should be no gender biasness while checking papers,6,Subject Knowledge & Practical Learning
the teacher should take class at given time,0,the teacher should take class at given time,3,Teacher Performance & Student Support
teahcer must take lectures as per time table,0,teahcer must take lectures as per time table,5,Classroom Management & Academic Practices
students must be persuaded towards learning instead of course completion,0,students must be persuaded towards learning instead of course completion,5,Classroom Management & Academic Practices
there should be skill oriented assignements and class projects,0,there should be skill oriented assignements and class projects,6,Subject Knowledge & Practical Learning
you are my ideal teacher. I learnt a lot of thing from you,1,you are my ideal teacher i learnt a lot of thing from you,0,Teaching Methodology & Teaching Style
I am sorry I could not perform well in my project,2,i am sorry i could not perform well in my project,6,Subject Knowledge & Practical Learning
your teaching style is very good,1,your teaching style is very good,0,Teaching Methodology & Teaching Style
"you teach, motivate and encourage",1,you teach motivate and encourage,0,Teaching Methodology & Teaching Style
"I will remain in touch with you sir, you are a good motivator",1,i will remain in touch with you sir you are a good motivator,4,"Teacher Behaviour, Fairness & Professional Conduct"
this department needs teacher like you,1,this department needs teacher like you,3,Teacher Performance & Student Support
we all wished had you met us before,2,we all wished had you met us before,4,"Teacher Behaviour, Fairness & Professional Conduct"
you a nice teacher with some extra absorbing skills and patience which many others lack,1,you a nice teacher with some extra absorbing skills and patience which many others lack,0,Teaching Methodology & Teaching Style
I rate you as good teacher,1,i rate you as good teacher,0,Teaching Methodology & Teaching Style
you are a teacher who gives heights to others,1,you are a teacher who gives heights to others,0,Teaching Methodology & Teaching Style
we got excitement after you joined here,1,we got excitement after you joined here,4,"Teacher Behaviour, Fairness & Professional Conduct"
you taught us something that all in the world are talking about,1,you taught us something that all in the world are talking about,0,Teaching Methodology & Teaching Style
I feel skillful afte being taught by you,1,i feel skillful afte being taught by you,0,Teaching Methodology & Teaching Style
your behaviour with students is very good,1,your behaviour with students is very good,5,Classroom Management & Academic Practices
"you always help us, encourage us, favour us",1,you always help us encourage us favour us,4,"Teacher Behaviour, Fairness & Professional Conduct"
I behalf of the whole class I would like to thank you fro your unforgettable and kind services,1,i behalf of the whole class i would like to thank you fro your unforgettable and kind services,4,"Teacher Behaviour, Fairness & Professional Conduct"
you changed our mindset about gaining knowledge,1,you changed our mindset about gaining knowledge,6,Subject Knowledge & Practical Learning
you emphasized and insisted on learning rather than obtaining marks and CGPA,1,you emphasized and insisted on learning rather than obtaining marks and cgpa,5,Classroom Management & Academic Practices
SIR you have earned prayers of the students,1,sir you have earned prayers of the students,5,Classroom Management & Academic Practices
"no one in 4 years delt with us in this amicable manner excpet you, thank you sir",1,no one in years delt with us in this amicable manner excpet you thank you sir,4,"Teacher Behaviour, Fairness & Professional Conduct"
you get angry quickly,0,you get angry quickly,4,"Teacher Behaviour, Fairness & Professional Conduct"
"during learning process, you put burden on us which makes our life difficult",0,during learning process you put burden on us which makes our life difficult,5,Classroom Management & Academic Practices
your teaching methodology is good sir,1,your teaching methodology is good sir,0,Teaching Methodology & Teaching Style
"you taught us data analysis, that was awesome",1,you taught us data analysis that was awesome,1,Technical & Programming Learning
I wish you joined college early so that you can teach us more subjects,1,i wish you joined college early so that you can teach us more subjects,5,Classroom Management & Academic Practices
I met only one teacher in cse deptt who worked in his field and he shares everything that he know with us is muhammad bux alvi,1,i met only one teacher in cse deptt who worked in his field and he shares everything that he know with us is muhammad bux alvi,2,Teacher Approach & Interpersonal Qualities
"I have also earned as a freelancer usign jupyter notebook. It is all because of you sir, thank you",1,i have also earned as a freelancer usign jupyter notebook it is all because of you sir thank you,1,Technical & Programming Learning
I will become a data analyst. It is all because of you,1,i will become a data analyst it is all because of you,1,Technical & Programming Learning
"after you taught us data mining, I have chosen it as a field for my career",1,after you taught us data mining i have chosen it as a field for my career,1,Technical & Programming Learning
with your given guidance and with our continuous effort and hardwork we can be data scientist,1,with your given guidance and with our continuous effort and hardwork we can be data scientist,1,Technical & Programming Learning
"you have given us a pth, a field through which we can go and jump int o the world",1,you have given us a pth a field through which we can go and jump int o the world,4,"Teacher Behaviour, Fairness & Professional Conduct"
foucs on course contents instead of lab practical work,1,foucs on course contents instead of lab practical work,6,Subject Knowledge & Practical Learning
let students choose their field of interest instead,0,let students choose their field of interest instead,5,Classroom Management & Academic Practices
please show mid term papers in time,0,please show mid term papers in time,6,Subject Knowledge & Practical Learning
sir please don't persuade all the students to do predictive analysis,2,sir please don t persuade all the students to do predictive analysis,5,Classroom Management & Academic Practices
in your first lecture you told us story of a ex-student who was not good at studies but became a developer after your encouragement. I was highly inspired with your words,1,in your first lecture you told us story of a ex student who was not good at studies but became a developer after your encouragement i was highly inspired with your words,0,Teaching Methodology & Teaching Style
you are a true inspiration for us. You try to encourage lower grade students that is excellent,1,you are a true inspiration for us you try to encourage lower grade students that is excellent,0,Teaching Methodology & Teaching Style
"you treat  us like your own daughter, may Allah bless you",1,you treat us like your own daughter may allah bless you,4,"Teacher Behaviour, Fairness & Professional Conduct"
you create ease for students that is quite helpful while learning,1,you create ease for students that is quite helpful while learning,5,Classroom Management & Academic Practices
you are a good teacher and sincere too,1,you are a good teacher and sincere too,0,Teaching Methodology & Teaching Style
besides lecture you share things which seems from outside world,1,besides lecture you share things which seems from outside world,5,Classroom Management & Academic Practices
I like you very much sir,2,i like you very much sir,4,"Teacher Behaviour, Fairness & Professional Conduct"
"sir thank you, you treat us like your own",1,sir thank you you treat us like your own,4,"Teacher Behaviour, Fairness & Professional Conduct"
you are my spiritual father,1,you are my spiritual father,4,"Teacher Behaviour, Fairness & Professional Conduct"
you should be a little strict and provide inflexible time line,1,you should be a little strict and provide inflexible time line,4,"Teacher Behaviour, Fairness & Professional Conduct"
you understand the psychi of students,2,you understand the psychi of students,5,Classroom Management & Academic Practices
you keep class environment friendly which is healthy for studies and leanring,1,you keep class environment friendly which is healthy for studies and leanring,5,Classroom Management & Academic Practices
you always welcome queries and encourage us,1,you always welcome queries and encourage us,4,"Teacher Behaviour, Fairness & Professional Conduct"
your teaching style and methodology is very good,1,your teaching style and methodology is very good,0,Teaching Methodology & Teaching Style
each lecture should start with a small answer question session,1,each lecture should start with a small answer question session,5,Classroom Management & Academic Practices
we learnt a lot about comptuers and programming in your lectures sir,1,we learnt a lot about comptuers and programming in your lectures sir,1,Technical & Programming Learning
i couldn't understood about computer hardware,1,i couldn t understood about computer hardware,1,Technical & Programming Learning
sir you didn't left any left any topic and taught us all the syllabus,2,sir you didn t left any left any topic and taught us all the syllabus,0,Teaching Methodology & Teaching Style
"Sir, you taught us very well",1,sir you taught us very well,0,Teaching Methodology & Teaching Style
i was fond of computers from childhood. i got this opportunity in university and luckily found a teacher like you,1,i was fond of computers from childhood i got this opportunity in university and luckily found a teacher like you,1,Technical & Programming Learning
u are great sir,1,u are great sir,4,"Teacher Behaviour, Fairness & Professional Conduct"
sir you taught we in an excellent manner but we were new entrants to this field of knowledge,1,sir you taught we in an excellent manner but we were new entrants to this field of knowledge,0,Teaching Methodology & Teaching Style
sir your method of teaching is so good,1,sir your method of teaching is so good,0,Teaching Methodology & Teaching Style
I have done FSc with maths that is why I dont know about the programming,1,i have done fsc with maths that is why i don t know about the programming,1,Technical & Programming Learning
I have interest but I dont know the basic about this,2,i have interest but i don t know the basic about this,6,Subject Knowledge & Practical Learning
I am weak in it. Please guide me about this,2,i am weak in it please guide me about this,6,Subject Knowledge & Practical Learning
I think this program BSCS is so good but due to my weakness in programming and using computer i am so worried,2,i think this program bscs is so good but due to my weakness in programming and using computer i am so worried,1,Technical & Programming Learning
teachers should focus on learning process not reading slides,0,teachers should focus on learning process not reading slides,3,Teacher Performance & Student Support
"may Allah bless you. remember me in in precious prayers. sir you are good,",1,may allah bless you remember me in in precious prayers sir you are good,4,"Teacher Behaviour, Fairness & Professional Conduct"
At the end of semester I can say that overall teaching methodology was good,1,at the end of semester i can say that overall teaching methodology was good,0,Teaching Methodology & Teaching Style
I was  not from computer student in FSc But learned basic programming skills here,1,i was not from computer student in fsc but learned basic programming skills here,1,Technical & Programming Learning
But my other college friends in other universities learned a lit more than us because those institutions have plagiarsm procedure,1,but my other college friends in other universities learned a lit more than us because those institutions have plagiarsm procedure,5,Classroom Management & Academic Practices
sir bux alvi always try best  to elaborate each and everything to his students,1,sir bux alvi always try best to elaborate each and everything to his students,5,Classroom Management & Academic Practices
Sir wanted his students to do more and more,1,sir wanted his students to do more and more,5,Classroom Management & Academic Practices
I suggest that at least the lecture should be delievered on projects,1,i suggest that at least the lecture should be delievered on projects,5,Classroom Management & Academic Practices
"i will like to say :-) ""sir you are great""",2,i will like to say sir you are great,4,"Teacher Behaviour, Fairness & Professional Conduct"
sir you have given us a lot but we were weak,1,sir you have given us a lot but we were weak,4,"Teacher Behaviour, Fairness & Professional Conduct"
you taught well,1,you taught well,0,Teaching Methodology & Teaching Style
you teach too fast and cover course quickly,1,you teach too fast and cover course quickly,0,Teaching Methodology & Teaching Style
please just pass me sir,2,please just pass me sir,4,"Teacher Behaviour, Fairness & Professional Conduct"
you are good teacher and tried to make us understand,2,you are good teacher and tried to make us understand,0,Teaching Methodology & Teaching Style
you favor girl students but after all you are a good teacher,1,you favor girl students but after all you are a good teacher,3,Teacher Performance & Student Support
I am honoured to write for you SIR muhammad bux Alvi sahb,2,i am honoured to write for you sir muhammad bux alvi sahb,4,"Teacher Behaviour, Fairness & Professional Conduct"
We have learnt many thing espacially programming but I am weak in hardware,1,we have learnt many thing espacially programming but i am weak in hardware,1,Technical & Programming Learning
I hope we wil give our best in our exams,1,i hope we wil give our best in our exams,5,Classroom Management & Academic Practices
The best lecture I got was of WEB-DESIGNING litterly loved it,1,the best lecture i got was of web designing litterly loved it,1,Technical & Programming Learning
i know we did alot of mistake but you  treated all of us like your  child,1,i know we did alot of mistake but you treated all of us like your child,4,"Teacher Behaviour, Fairness & Professional Conduct"
DEAR Sir BUX ALVI: sir you are good teacher,1,dear sir bux alvi sir you are good teacher,0,Teaching Methodology & Teaching Style
Sir your style is very good,1,sir your style is very good,4,"Teacher Behaviour, Fairness & Professional Conduct"
Most respected and honourable sir,1,most respected and honourable sir,4,"Teacher Behaviour, Fairness & Professional Conduct"
you are the most favourite teacher of mine in university  life,1,you are the most favourite teacher of mine in university life,0,Teaching Methodology & Teaching Style
You are very cooperative with your students,1,you are very cooperative with your students,5,Classroom Management & Academic Practices
Sorry to say: I am very afraid of your anger,0,sorry to say i am very afraid of your anger,4,"Teacher Behaviour, Fairness & Professional Conduct"
A good one thing which I learned from u that be honest in your duty without going under some one pressure,1,a good one thing which i learned from u that be honest in your duty without going under some one pressure,4,"Teacher Behaviour, Fairness & Professional Conduct"
sorry to giving you advice: please give a handout notes of hardware to students,0,sorry to giving you advice please give a handout notes of hardware to students,1,Technical & Programming Learning
May god give you success in every step of your life,2,may god give you success in every step of your life,4,"Teacher Behaviour, Fairness & Professional Conduct"
sir my best wishes for u! always be happy. Trust in allah and keeping on work very hard,2,sir my best wishes for u always be happy trust in allah and keeping on work very hard,4,"Teacher Behaviour, Fairness & Professional Conduct"
SIR u built up the inspiration and motivation level increase the communication level and helped me,1,sir u built up the inspiration and motivation level increase the communication level and helped me,4,"Teacher Behaviour, Fairness & Professional Conduct"
Programming is not intrested but when I learnt this from you then you make it easy for me completely helped me ,1,programming is not intrested but when i learnt this from you then you make it easy for me completely helped me,1,Technical & Programming Learning
Your behaviour is very good and polite,1,your behaviour is very good and polite,4,"Teacher Behaviour, Fairness & Professional Conduct"
There was noting that you did not taught and didn't teach,1,there was noting that you did not taught and didn t teach,0,Teaching Methodology & Teaching Style
Programming was difficult in starting because I am not an ics student but learnt it very well,1,programming was difficult in starting because i am not an ics student but learnt it very well,1,Technical & Programming Learning
learning html was a very nice experience,1,learning html was a very nice experience,1,Technical & Programming Learning
You are a very excellent teacher,1,you are a very excellent teacher,0,Teaching Methodology & Teaching Style
You understand the problem of the students,1,you understand the problem of the students,5,Classroom Management & Academic Practices
you help and appreciate those students who want to learn more and more,1,you help and appreciate those students who want to learn more and more,5,Classroom Management & Academic Practices
i feel that when i use to ask some question about programing you sccolded me once or twice,0,i feel that when i use to ask some question about programing you sccolded me once or twice,1,Technical & Programming Learning
SIR i found programming tough,0,sir i found programming tough,1,Technical & Programming Learning
i tried but it is tough,0,i tried but it is tough,4,"Teacher Behaviour, Fairness & Professional Conduct"
i tried and was successful but found some portions tough ,2,i tried and was successful but found some portions tough,4,"Teacher Behaviour, Fairness & Professional Conduct"
i liked the theoratical part and i am good at it too,1,i liked the theoratical part and i am good at it too,4,"Teacher Behaviour, Fairness & Professional Conduct"
you support and back up girls,0,you support and back up girls,4,"Teacher Behaviour, Fairness & Professional Conduct"
sir you teach with dedication,1,sir you teach with dedication,0,Teaching Methodology & Teaching Style
some times you teach beyond the approach of students,0,some times you teach beyond the approach of students,0,Teaching Methodology & Teaching Style
You taught us very well,0,you taught us very well,0,Teaching Methodology & Teaching Style
sir we are learning about computers first time and we feel in tension,1,sir we are learning about computers first time and we feel in tension,1,Technical & Programming Learning
we are afraid of examinatinos,1,we are afraid of examinatinos,4,"Teacher Behaviour, Fairness & Professional Conduct"
you are a nice teacher,2,you are a nice teacher,0,Teaching Methodology & Teaching Style
we learnt about computers and programming in your lectures,1,we learnt about computers and programming in your lectures,1,Technical & Programming Learning
I couldn't understand hardware part in depth,1,i couldn t understand hardware part in depth,1,Technical & Programming Learning
we are fortunate to have a teacher like you,1,we are fortunate to have a teacher like you,0,Teaching Methodology & Teaching Style
i am intested in computer for long and i got this opportunity in IUB and honoured to have a teacher like you sir,1,i am intested in computer for long and i got this opportunity in iub and honoured to have a teacher like you sir,1,Technical & Programming Learning
you are great sir,1,you are great sir,4,"Teacher Behaviour, Fairness & Professional Conduct"
First of all thank you sir. whatever you taught you taught well. you worked hard for us,1,first of all thank you sir whatever you taught you taught well you worked hard for us,0,Teaching Methodology & Teaching Style
we learnt a lot from you sir,1,we learnt a lot from you sir,4,"Teacher Behaviour, Fairness & Professional Conduct"
Sir you are very nice,1,sir you are very nice,4,"Teacher Behaviour, Fairness & Professional Conduct"
you are a good teacher. you tried a lot to teach us and we leanrt it too,1,you are a good teacher you tried a lot to teach us and we leanrt it too,0,Teaching Methodology & Teaching Style
you care about your students and respect them too,1,you care about your students and respect them too,5,Classroom Management & Academic Practices
you try to uplift your students,1,you try to uplift your students,5,Classroom Management & Academic Practices
you always deal students with care and respect,1,you always deal students with care and respect,5,Classroom Management & Academic Practices
we hope to have you again as a teacher in coming semesters,1,we hope to have you again as a teacher in coming semesters,0,Teaching Methodology & Teaching Style
Thank you sir for your guidness,1,thank you sir for your guidness,4,"Teacher Behaviour, Fairness & Professional Conduct"
ASSALAM-O-ALAIKUM : SIR your method of teaching is soo good,1,assalam o alaikum sir your method of teaching is soo good,0,Teaching Methodology & Teaching Style
Sir your method of teaching is soo good but I have done my  FSC with math that's why I don't know about programming,1,sir your method of teaching is soo good but i have done my fsc with math that s why i don t know about programming,1,Technical & Programming Learning
I've intrest in programming but I don't know the basic about this that's why I am weak in it,2,i ve intrest in programming but i don t know the basic about this that s why i am weak in it,1,Technical & Programming Learning
we wish that we get chance to learn from you again,2,we wish that we get chance to learn from you again,4,"Teacher Behaviour, Fairness & Professional Conduct"
Please guide me about this,1,please guide me about this,6,Subject Knowledge & Practical Learning
i think this programme BSCS is soo good but due to my weakness in programmminng and using computer. i  am soo woried,0,i think this programme bscs is soo good but due to my weakness in programmminng and using computer i am soo woried,1,Technical & Programming Learning
Good  teacher with an excellent conceptual approach,0,good teacher with an excellent conceptual approach,0,Teaching Methodology & Teaching Style
sir alvi is an honest and hard working teacher,1,sir alvi is an honest and hard working teacher,2,Teacher Approach & Interpersonal Qualities
he did a great job but teaching us html but I was looking forward python or java,1,he did a great job but teaching us html but i was looking forward python or java,1,Technical & Programming Learning
The  good thing is that we learn HTML. second good thing is that learn 70% of programming,1,the good thing is that we learn html second good thing is that learn of programming,1,Technical & Programming Learning
you have to  take more than two lectures of HTML and more than two LABS,1,you have to take more than two lectures of html and more than two labs,1,Technical & Programming Learning
you are excellent teacher and a good motivational speeker,2,you are excellent teacher and a good motivational speeker,0,Teaching Methodology & Teaching Style
In last lectures you give us a burden of works,0,in last lectures you give us a burden of works,5,Classroom Management & Academic Practices
We learnt about programming that helps in our future,1,we learnt about programming that helps in our future,1,Technical & Programming Learning
Sir you teaches us of high level and we don't teach compuetr before,1,sir you teaches us of high level and we don t teach compuetr before,0,Teaching Methodology & Teaching Style
We can't pick up all information of you became we don't know about it anything,2,we can t pick up all information of you became we don t know about it anything,4,"Teacher Behaviour, Fairness & Professional Conduct"
You are bit hard and we hesitat to ask some question,0,you are bit hard and we hesitat to ask some question,4,"Teacher Behaviour, Fairness & Professional Conduct"
you have bit wrong thought. you bound us soo much,0,you have bit wrong thought you bound us soo much,4,"Teacher Behaviour, Fairness & Professional Conduct"
you should teaches us of our levels not high levels,0,you should teaches us of our levels not high levels,0,Teaching Methodology & Teaching Style
Sir in this semester I couldn't find teacher like you,2,sir in this semester i couldn t find teacher like you,3,Teacher Performance & Student Support
your way of teaching is very good,1,your way of teaching is very good,0,Teaching Methodology & Teaching Style
hardware as well as software u teaches us very well,1,hardware as well as software u teaches us very well,1,Technical & Programming Learning
We will pray that in the next semester the teachers like you may teach us,1,we will pray that in the next semester the teachers like you may teach us,0,Teaching Methodology & Teaching Style
Sir I think the C++ and html could be merged mean how can we run our C++ PROGRAM In our web page,2,sir i think the c and html could be merged mean how can we run our c program in our web page,1,Technical & Programming Learning
I searched and worked but it seems very tough to go for Php and java,2,i searched and worked but it seems very tough to go for php and java,1,Technical & Programming Learning
one thing that you may  have to tell our mid result,2,one thing that you may have to tell our mid result,4,"Teacher Behaviour, Fairness & Professional Conduct"
sir do give us addtional work to do,0,sir do give us addtional work to do,6,Subject Knowledge & Practical Learning
i learn how to bear pressure and my logic created in c++ THANK YOU,2,i learn how to bear pressure and my logic created in c thank you,1,Technical & Programming Learning
you teach us well,1,you teach us well,0,Teaching Methodology & Teaching Style
sir you have a lot of knowledge,1,sir you have a lot of knowledge,4,"Teacher Behaviour, Fairness & Professional Conduct"
we learnt a lot from you such as programming and about modern computers,1,we learnt a lot from you such as programming and about modern computers,1,Technical & Programming Learning
may Allah bless you with health,1,may allah bless you with health,4,"Teacher Behaviour, Fairness & Professional Conduct"
Sir you taught every thing about your subject,1,sir you taught every thing about your subject,0,Teaching Methodology & Teaching Style
you taught us very well,1,you taught us very well,0,Teaching Methodology & Teaching Style
we were weak,1,we were weak,4,"Teacher Behaviour, Fairness & Professional Conduct"
your teaching style is good,2,your teaching style is good,0,Teaching Methodology & Teaching Style
you encourage us to learnt,1,you encourage us to learnt,0,Teaching Methodology & Teaching Style
we learnt many things from you,1,we learnt many things from you,4,"Teacher Behaviour, Fairness & Professional Conduct"
Syllabus was fully covered,1,syllabus was fully covered,5,Classroom Management & Academic Practices
programming was the main focus,1,programming was the main focus,1,Technical & Programming Learning
no complain sir you did well,1,no complain sir you did well,4,"Teacher Behaviour, Fairness & Professional Conduct"
in comparison to other teachers you always encouraged us,1,in comparison to other teachers you always encouraged us,0,Teaching Methodology & Teaching Style
you always tried to attend each student up to its level,1,you always tried to attend each student up to its level,5,Classroom Management & Academic Practices
Sir you are great,1,sir you are great,4,"Teacher Behaviour, Fairness & Professional Conduct"
At the end of the semester I can say that overall teaching methodology  was good,1,at the end of the semester i can say that overall teaching methodology was good,0,Teaching Methodology & Teaching Style
I was not computer student in FSC but learnt basic progrmming skills here,1,i was not computer student in fsc but learnt basic progrmming skills here,1,Technical & Programming Learning
i have never learnt about computers before but lucky to learn it from you sir,1,i have never learnt about computers before but lucky to learn it from you sir,1,Technical & Programming Learning
programming was tough but you made it easier for us,1,programming was tough but you made it easier for us,1,Technical & Programming Learning
i could not get it becuase i am weak in computers,1,i could not get it becuase i am weak in computers,1,Technical & Programming Learning
you teaching style is good,0,you teaching style is good,0,Teaching Methodology & Teaching Style
i learnt about computer hardware and programming,1,i learnt about computer hardware and programming,1,Technical & Programming Learning
you were good,1,you were good,4,"Teacher Behaviour, Fairness & Professional Conduct"
you should have concentrated on hardware side,1,you should have concentrated on hardware side,1,Technical & Programming Learning
our results may not be so good but our confidence has been built,2,our results may not be so good but our confidence has been built,4,"Teacher Behaviour, Fairness & Professional Conduct"
you make difficult paper. students with preparation also get confused,2,you make difficult paper students with preparation also get confused,5,Classroom Management & Academic Practices
i learnt all the basic concepts of programming conditinal structures loops array. it is interesting,0,i learnt all the basic concepts of programming conditinal structures loops array it is interesting,1,Technical & Programming Learning
i also learnt about computer memeory ROM Registers buses,1,i also learnt about computer memeory rom registers buses,1,Technical & Programming Learning
leant HTML. It is good,1,leant html it is good,1,Technical & Programming Learning
we need to learn more about HTML,1,we need to learn more about html,1,Technical & Programming Learning
YOU TAUGHT US A LOT SIR,0,you taught us a lot sir,0,Teaching Methodology & Teaching Style
Please do take assignments at regular intervals,1,please do take assignments at regular intervals,5,Classroom Management & Academic Practices
you taught us well but i found loops and arrays more interesting ,2,you taught us well but i found loops and arrays more interesting,1,Technical & Programming Learning
your teaching style is excellent ,1,your teaching style is excellent,0,Teaching Methodology & Teaching Style
i like this course ,1,i like this course,5,Classroom Management & Academic Practices
my programming skills were developed in this course ,1,my programming skills were developed in this course,1,Technical & Programming Learning
i came to know about many things of computers and about computers ,1,i came to know about many things of computers and about computers,1,Technical & Programming Learning
your devotion towards teaching is appreciatable ,1,your devotion towards teaching is appreciatable,0,Teaching Methodology & Teaching Style
sir you are an excellent teacher ,1,sir you are an excellent teacher,0,Teaching Methodology & Teaching Style
we are weak because we have no or little background knowledge ,1,we are weak because we have no or little background knowledge,6,Subject Knowledge & Practical Learning
you put all of your effort to make students understand ,2,you put all of your effort to make students understand,5,Classroom Management & Academic Practices
we could not pick anything in the start ,1,we could not pick anything in the start,4,"Teacher Behaviour, Fairness & Professional Conduct"
we were slow to start but got something at last however you are a nice teach ,0,we were slow to start but got something at last however you are a nice teach,0,Teaching Methodology & Teaching Style
you gave more than 100% ,1,you gave more than,4,"Teacher Behaviour, Fairness & Professional Conduct"
i leant how to tackle a teacher ,1,i leant how to tackle a teacher,3,Teacher Performance & Student Support
you are a strict teacher ,2,you are a strict teacher,3,Teacher Performance & Student Support
you are quite friendly ,0,you are quite friendly,4,"Teacher Behaviour, Fairness & Professional Conduct"
teacher put a lot of burden on students,0,teacher put a lot of burden on students,3,Teacher Performance & Student Support
teachers do not work hard,0,teachers do not work hard,3,Teacher Performance & Student Support
they should take classes as per schedule,2,they should take classes as per schedule,5,Classroom Management & Academic Practices
they do not impart modern day knowledge to the students,0,they do not impart modern day knowledge to the students,5,Classroom Management & Academic Practices
"they teach beyond the scope of a subject, creating extra burden on the students",0,they teach beyond the scope of a subject creating extra burden on the students,5,Classroom Management & Academic Practices
out dated information is given during lectures,0,out dated information is given during lectures,5,Classroom Management & Academic Practices
teachers should be amicable,2,teachers should be amicable,3,Teacher Performance & Student Support
teachers should focus on students' skill development,2,teachers should focus on students skill development,3,Teacher Performance & Student Support
they do not develop student's hands on skills,0,they do not develop student s hands on skills,5,Classroom Management & Academic Practices
student feedback is necessary at the end of the semester,2,student feedback is necessary at the end of the semester,5,Classroom Management & Academic Practices
teacher should develop professional and personal ethics in the student,2,teacher should develop professional and personal ethics in the student,3,Teacher Performance & Student Support
they enculcate high moral values,1,they enculcate high moral values,4,"Teacher Behaviour, Fairness & Professional Conduct"
teachers are always ready to support,1,teachers are always ready to support,3,Teacher Performance & Student Support
you are very clever sir ,1,you are very clever sir,4,"Teacher Behaviour, Fairness & Professional Conduct"
we were afraid of you sir ,1,we were afraid of you sir,4,"Teacher Behaviour, Fairness & Professional Conduct"
it is very difficult to deceive you ,0,it is very difficult to deceive you,4,"Teacher Behaviour, Fairness & Professional Conduct"
you teach well but we learnt more during lab hours ,2,you teach well but we learnt more during lab hours,0,Teaching Methodology & Teaching Style
after learning from you we feeel proud that we are becoming computer engineeer ,1,after learning from you we feeel proud that we are becoming computer engineeer,1,Technical & Programming Learning
sir we found you honest punctual dedicated and devoted ,1,sir we found you honest punctual dedicated and devoted,4,"Teacher Behaviour, Fairness & Professional Conduct"
you are excellent teacher ,1,you are excellent teacher,0,Teaching Methodology & Teaching Style
you make us dream for high goals ,1,you make us dream for high goals,4,"Teacher Behaviour, Fairness & Professional Conduct"
you are a goog human being ,1,you are a goog human being,4,"Teacher Behaviour, Fairness & Professional Conduct"
please be slow while teaching ,1,please be slow while teaching,0,Teaching Methodology & Teaching Style
sir you teach well but some times we get little from it ,2,sir you teach well but some times we get little from it,0,Teaching Methodology & Teaching Style
you teach beyond our scope imagination and level ,0,you teach beyond our scope imagination and level,0,Teaching Methodology & Teaching Style
pleaase do provide us notes of your lectures ,0,pleaase do provide us notes of your lectures,5,Classroom Management & Academic Practices
we could not get about programming to much extent ,2,we could not get about programming to much extent,1,Technical & Programming Learning
please sir make groups which may include at least one capable student ,0,please sir make groups which may include at least one capable student,5,Classroom Management & Academic Practices
you may concentrate on basic programming techniques cout cin etc while teaching ,2,you may concentrate on basic programming techniques cout cin etc while teaching,1,Technical & Programming Learning
we are afraid of you sir ,2,we are afraid of you sir,4,"Teacher Behaviour, Fairness & Professional Conduct"
you wish you should teach us in next semester ,0,you wish you should teach us in next semester,0,Teaching Methodology & Teaching Style
you are unpredictable. we can't guess whether you are happy or angry ,1,you are unpredictable we can t guess whether you are happy or angry,4,"Teacher Behaviour, Fairness & Professional Conduct"
whatever i know about computers i learnt it here ,0,whatever i know about computers i learnt it here,1,Technical & Programming Learning
i am confident that once graduated i will be skillful ,1,i am confident that once graduated i will be skillful,4,"Teacher Behaviour, Fairness & Professional Conduct"
one characteristic is most precious in you is that you are honest and hardworking,1,one characteristic is most precious in you is that you are honest and hardworking,4,"Teacher Behaviour, Fairness & Professional Conduct"
"your communication style is so simple, understandable and great",1,your communication style is so simple understandable and great,4,"Teacher Behaviour, Fairness & Professional Conduct"
you fullfil your duly honestly,1,you fullfil your duly honestly,4,"Teacher Behaviour, Fairness & Professional Conduct"
your teaching style focuses towards learning and practicle skills,1,your teaching style focuses towards learning and practicle skills,0,Teaching Methodology & Teaching Style
the syllabus was bit unorganized and hard to follow,1,the syllabus was bit unorganized and hard to follow,5,Classroom Management & Academic Practices
you are compassionate and considerate person,0,you are compassionate and considerate person,4,"Teacher Behaviour, Fairness & Professional Conduct"
you don't compromise on your rules,1,you don t compromise on your rules,4,"Teacher Behaviour, Fairness & Professional Conduct"
"the most adorable thing that I would like to appreciate in you is ""professionalism""",1,the most adorable thing that i would like to appreciate in you is professionalism,4,"Teacher Behaviour, Fairness & Professional Conduct"
you are sincere with your work,1,you are sincere with your work,4,"Teacher Behaviour, Fairness & Professional Conduct"
"you are doing ""halal"" for your family",1,you are doing halal for your family,4,"Teacher Behaviour, Fairness & Professional Conduct"
I won't forget about your hardworkign that you do,1,i won t forget about your hardworkign that you do,4,"Teacher Behaviour, Fairness & Professional Conduct"
I learnt from you to be garden of roses for others,1,i learnt from you to be garden of roses for others,4,"Teacher Behaviour, Fairness & Professional Conduct"
we learnt a lot from you regarding academics as well as life,1,we learnt a lot from you regarding academics as well as life,0,Teaching Methodology & Teaching Style
you share very precious experiences with us,1,you share very precious experiences with us,4,"Teacher Behaviour, Fairness & Professional Conduct"
your experience will definitely be benefial and helpful for spending life,1,your experience will definitely be benefial and helpful for spending life,4,"Teacher Behaviour, Fairness & Professional Conduct"
we are excited after being taught by you,1,we are excited after being taught by you,0,Teaching Methodology & Teaching Style
the way you treat us is beyond my expectation and description,1,the way you treat us is beyond my expectation and description,4,"Teacher Behaviour, Fairness & Professional Conduct"
I have not seen a teacher as humble as you are,1,i have not seen a teacher as humble as you are,3,Teacher Performance & Student Support
you have been really supportive,1,you have been really supportive,4,"Teacher Behaviour, Fairness & Professional Conduct"
I want to thank you,1,i want to thank you,4,"Teacher Behaviour, Fairness & Professional Conduct"
may Allah bless you and your family,1,may allah bless you and your family,4,"Teacher Behaviour, Fairness & Professional Conduct"
you are very honest with your duly,2,you are very honest with your duly,4,"Teacher Behaviour, Fairness & Professional Conduct"
the syllabus consists of theory that is difficult to remember,1,the syllabus consists of theory that is difficult to remember,5,Classroom Management & Academic Practices
there is no doubt that your knowledge about this subject is deep,0,there is no doubt that your knowledge about this subject is deep,6,Subject Knowledge & Practical Learning
you have high moral values,1,you have high moral values,4,"Teacher Behaviour, Fairness & Professional Conduct"
sir you have more merits with a few demrits,1,sir you have more merits with a few demrits,4,"Teacher Behaviour, Fairness & Professional Conduct"
I like that you are sincere to all ,1,i like that you are sincere to all,4,"Teacher Behaviour, Fairness & Professional Conduct"
please give us high marks,1,please give us high marks,6,Subject Knowledge & Practical Learning
sir you are in the list of my favourite teaceher. I get inspiration from you sir,2,sir you are in the list of my favourite teaceher i get inspiration from you sir,4,"Teacher Behaviour, Fairness & Professional Conduct"
we gained a lot of knowledge in your subjects,1,we gained a lot of knowledge in your subjects,0,Teaching Methodology & Teaching Style
"we could not match with your pace, please forgive us",1,we could not match with your pace please forgive us,4,"Teacher Behaviour, Fairness & Professional Conduct"
you have excellent teaching method but you gave us a lot burden,2,you have excellent teaching method but you gave us a lot burden,0,Teaching Methodology & Teaching Style
you wasted our time in term project and did not cooperate with us in last days,1,you wasted our time in term project and did not cooperate with us in last days,6,Subject Knowledge & Practical Learning
we learnt new things by working on python but it was not right time for the project,0,we learnt new things by working on python but it was not right time for the project,1,Technical & Programming Learning
we saw you giving favours to few special students,0,we saw you giving favours to few special students,5,Classroom Management & Academic Practices
"sir, you have excellent teaching methodology that we learn easily",0,sir you have excellent teaching methodology that we learn easily,0,Teaching Methodology & Teaching Style
we learnt a lot from the term project,1,we learnt a lot from the term project,6,Subject Knowledge & Practical Learning
a lot of time is wasted in eight semester term project,1,a lot of time is wasted in eight semester term project,5,Classroom Management & Academic Practices
you are suggested not to give term project in last semester,0,you are suggested not to give term project in last semester,5,Classroom Management & Academic Practices
you are a nice teacher. We learnt a lot of knowledge from you. Academic as well as life examples,2,you are a nice teacher we learnt a lot of knowledge from you academic as well as life examples,0,Teaching Methodology & Teaching Style
we liked it most when you told us about your mother,1,we liked it most when you told us about your mother,4,"Teacher Behaviour, Fairness & Professional Conduct"
"after you taught us, now python is one of my favourite programming langauge",1,after you taught us now python is one of my favourite programming langauge,1,Technical & Programming Learning
we had to spend more time on data mining project,2,we had to spend more time on data mining project,6,Subject Knowledge & Practical Learning
final year students may be given more time for their final year project,2,final year students may be given more time for their final year project,5,Classroom Management & Academic Practices
time spent with you was marvellous and leant a lot,2,time spent with you was marvellous and leant a lot,4,"Teacher Behaviour, Fairness & Professional Conduct"
you motivate us everyday,1,you motivate us everyday,4,"Teacher Behaviour, Fairness & Professional Conduct"
never gives time to students for discussion in his office.,0,never gives time to students for discussion in his office,2,Teacher Approach & Interpersonal Qualities
The teacher is baised in class to his favourite students.,0,the teacher is baised in class to his favourite students,3,Teacher Performance & Student Support
provided us the environment to askk questions,1,provided us the environment to askk questions,6,Subject Knowledge & Practical Learning
the teaching methodology is so good,1,the teaching methodology is so good,0,Teaching Methodology & Teaching Style
contents that you provided are very helpful,1,contents that you provided are very helpful,6,Subject Knowledge & Practical Learning
you never shouted at any student that is great,1,you never shouted at any student that is great,5,Classroom Management & Academic Practices
teaching style was awsome,1,teaching style was awsome,0,Teaching Methodology & Teaching Style
sir you are always available to help for the students,1,sir you are always available to help for the students,5,Classroom Management & Academic Practices
"sir thank you, you teach us in a very friendly environment",1,sir thank you you teach us in a very friendly environment,0,Teaching Methodology & Teaching Style
they have good teaching style,1,they have good teaching style,0,Teaching Methodology & Teaching Style
teacher should give lab demo by himself or herseld,0,teacher should give lab demo by himself or herseld,3,Teacher Performance & Student Support
 teachers have made us confident ,1,teachers have made us confident,3,Teacher Performance & Student Support
teachers try to bring creativity through teaching,1,teachers try to bring creativity through teaching,3,Teacher Performance & Student Support
teachers groomed confident within the students,1,teachers groomed confident within the students,3,Teacher Performance & Student Support
teachers innovative teaching techniques makes the learning enjoyable,1,teachers innovative teaching techniques makes the learning enjoyable,0,Teaching Methodology & Teaching Style
"no CGPA, JUST skills",0,no cgpa just skills,6,Subject Knowledge & Practical Learning
we feel comfortable in your class and get ready to learn,1,we feel comfortable in your class and get ready to learn,5,Classroom Management & Academic Practices
there should be no big gaps between the lectures in time table,0,there should be no big gaps between the lectures in time table,5,Classroom Management & Academic Practices
irregular time table makes us uncomfortable,0,irregular time table makes us uncomfortable,4,"Teacher Behaviour, Fairness & Professional Conduct"
inappropriate time table cosumses most of our time,0,inappropriate time table cosumses most of our time,4,"Teacher Behaviour, Fairness & Professional Conduct"
time table is quite uncomfortable,0,time table is quite uncomfortable,4,"Teacher Behaviour, Fairness & Professional Conduct"
scattered time table makes us uneasy,0,scattered time table makes us uneasy,4,"Teacher Behaviour, Fairness & Professional Conduct"
teacher should not disgrace his students,0,teacher should not disgrace his students,3,Teacher Performance & Student Support
teachers should make students attentive,0,teachers should make students attentive,3,Teacher Performance & Student Support
teacher should follow time table in true spirit,0,teacher should follow time table in true spirit,3,Teacher Performance & Student Support
teachers should improve their knowledge level,0,teachers should improve their knowledge level,3,Teacher Performance & Student Support
teachers should improve their skills,0,teachers should improve their skills,3,Teacher Performance & Student Support
teachers should be cooperative with the students,0,teachers should be cooperative with the students,3,Teacher Performance & Student Support
teachers should not disgrace students,0,teachers should not disgrace students,3,Teacher Performance & Student Support
there is extra burden on students related to studies,0,there is extra burden on students related to studies,5,Classroom Management & Academic Practices
syllabus is too lenghty that students cannot work on his weaknesses,0,syllabus is too lenghty that students cannot work on his weaknesses,5,Classroom Management & Academic Practices
teachers do not have in depth knowledge about the subjects,0,teachers do not have in depth knowledge about the subjects,3,Teacher Performance & Student Support
teacher should have proper knowledge about the subject,0,teacher should have proper knowledge about the subject,3,Teacher Performance & Student Support
teachers should be kindful,0,teachers should be kindful,3,Teacher Performance & Student Support
teachers must emphasis more on practical work,0,teachers must emphasis more on practical work,3,Teacher Performance & Student Support
lecture schedule needs to be revised,0,lecture schedule needs to be revised,5,Classroom Management & Academic Practices
teachers should take feedback of their previous lecture,0,teachers should take feedback of their previous lecture,3,Teacher Performance & Student Support
lectures should be taken in time,0,lectures should be taken in time,5,Classroom Management & Academic Practices
students may be given chance to give presentation,0,students may be given chance to give presentation,5,Classroom Management & Academic Practices
teacher give difficult topics to studens as assignment,0,teacher give difficult topics to studens as assignment,3,Teacher Performance & Student Support
assignments are given without any overview,0,assignments are given without any overview,5,Classroom Management & Academic Practices
behaviour of teachers should be ideal,0,behaviour of teachers should be ideal,3,Teacher Performance & Student Support
teachers do not have clear concepts about the subject,0,teachers do not have clear concepts about the subject,3,Teacher Performance & Student Support
there is no relaxation during semester,0,there is no relaxation during semester,5,Classroom Management & Academic Practices
examination system is proper,1,examination system is proper,6,Subject Knowledge & Practical Learning
faculty members are helping,1,faculty members are helping,5,Classroom Management & Academic Practices
teachers put a lot of burden onto the students,0,teachers put a lot of burden onto the students,3,Teacher Performance & Student Support
there is least experimental work in the university,0,there is least experimental work in the university,6,Subject Knowledge & Practical Learning
teachers understand the problems of students,1,teachers understand the problems of students,3,Teacher Performance & Student Support
faculty members are helping and affectionate,1,faculty members are helping and affectionate,5,Classroom Management & Academic Practices
teahers do not listen to the opinion of studetns,0,teahers do not listen to the opinion of studetns,4,"Teacher Behaviour, Fairness & Professional Conduct"
"through over burden, teachrs pressurize students",0,through over burden teachrs pressurize students,5,Classroom Management & Academic Practices
difficulty level of papers is not well balanced,0,difficulty level of papers is not well balanced,6,Subject Knowledge & Practical Learning
teachers do not listen to students patiently.,0,teachers do not listen to students patiently,3,Teacher Performance & Student Support
teacher listen to students patiently,1,teacher listen to students patiently,3,Teacher Performance & Student Support
teaching method is not good,0,teaching method is not good,0,Teaching Methodology & Teaching Style
practical syllabus should be improved,2,practical syllabus should be improved,5,Classroom Management & Academic Practices
teachers should not only focus on syllabus but also on skills,2,teachers should not only focus on syllabus but also on skills,3,Teacher Performance & Student Support
faculty perform their duty with accountibility,1,faculty perform their duty with accountibility,5,Classroom Management & Academic Practices
some teachers follow the rules and regulations,1,some teachers follow the rules and regulations,3,Teacher Performance & Student Support
they put a lot of unjustified burden on students,0,they put a lot of unjustified burden on students,5,Classroom Management & Academic Practices
teachers do not encourage students to think and think deeper,0,teachers do not encourage students to think and think deeper,3,Teacher Performance & Student Support
teachers do not grade sessional marks properly,0,teachers do not grade sessional marks properly,3,Teacher Performance & Student Support
teachers do not grade lab work properly,0,teachers do not grade lab work properly,3,Teacher Performance & Student Support
more assignments and test are given at the end of semester,0,more assignments and test are given at the end of semester,5,Classroom Management & Academic Practices
syllabus distribution is not justified,0,syllabus distribution is not justified,5,Classroom Management & Academic Practices
some of the teachers do not take classes in time and at the end ask us to arrange makeups for them that put a lot of burden on us,0,some of the teachers do not take classes in time and at the end ask us to arrange makeups for them that put a lot of burden on us,3,Teacher Performance & Student Support
teacher makes the subject interesting,1,teacher makes the subject interesting,3,Teacher Performance & Student Support
teachers are lazy and  do not take classes in time,0,teachers are lazy and do not take classes in time,3,Teacher Performance & Student Support
main problem is irregularity,0,main problem is irregularity,6,Subject Knowledge & Practical Learning
teacher do not assess lab on that day,0,teacher do not assess lab on that day,3,Teacher Performance & Student Support
such teachers are blessing for the students,1,such teachers are blessing for the students,3,Teacher Performance & Student Support
I want to be taught by him again,1,i want to be taught by him again,2,Teacher Approach & Interpersonal Qualities
teachers are not fair in paper checking,0,teachers are not fair in paper checking,3,Teacher Performance & Student Support
teachers way of teaching is not up to mark,0,teachers way of teaching is not up to mark,3,Teacher Performance & Student Support
teachers lack in their subject knowledge,0,teachers lack in their subject knowledge,3,Teacher Performance & Student Support
teachers favor some students,0,teachers favor some students,3,Teacher Performance & Student Support
teacher discourage us,0,teacher discourage us,3,Teacher Performance & Student Support
they give us limited practical work,0,they give us limited practical work,6,Subject Knowledge & Practical Learning
teahcers teach us both from practical as well as theoratical perspective,1,teahcers teach us both from practical as well as theoratical perspective,6,Subject Knowledge & Practical Learning
papers are not set as per syllabus,0,papers are not set as per syllabus,5,Classroom Management & Academic Practices
teacher try to dominate the students,0,teacher try to dominate the students,3,Teacher Performance & Student Support
although all the teachers are highly qualified but all of them are not able to teach properly. Only a few can,0,although all the teachers are highly qualified but all of them are not able to teach properly only a few can,3,Teacher Performance & Student Support
faculty do not give demo for labs but provide just manual of it,0,faculty do not give demo for labs but provide just manual of it,6,Subject Knowledge & Practical Learning
lab work is useless,0,lab work is useless,6,Subject Knowledge & Practical Learning
faculty is quite amicable,1,faculty is quite amicable,5,Classroom Management & Academic Practices
faculty motivates us to think out of box,1,faculty motivates us to think out of box,5,Classroom Management & Academic Practices
lab work is not useful to us,0,lab work is not useful to us,6,Subject Knowledge & Practical Learning
lab are so inferior that we do not gain anything from it,0,lab are so inferior that we do not gain anything from it,6,Subject Knowledge & Practical Learning
objectives of the subject are not clear,0,objectives of the subject are not clear,6,Subject Knowledge & Practical Learning
faculty restricts us like schooling system,2,faculty restricts us like schooling system,5,Classroom Management & Academic Practices
some teachers are perfect,1,some teachers are perfect,3,Teacher Performance & Student Support
teacher does not know about the subject,0,teacher does not know about the subject,3,Teacher Performance & Student Support
faculty do not fulfill subject needs,0,faculty do not fulfill subject needs,5,Classroom Management & Academic Practices
Teacher is biased and do favouritism,0,teacher is biased and do favouritism,3,Teacher Performance & Student Support
punctuality is no where in teachers,0,punctuality is no where in teachers,3,Teacher Performance & Student Support
failing students is the aim of their life,0,failing students is the aim of their life,5,Classroom Management & Academic Practices
teachers know how to teach and handle students in a proper manner,1,teachers know how to teach and handle students in a proper manner,3,Teacher Performance & Student Support
teacher give complicated topics to students as assignement,0,teacher give complicated topics to students as assignement,3,Teacher Performance & Student Support
teachers are motivating and teach well,1,teachers are motivating and teach well,3,Teacher Performance & Student Support
lectures are not conducted as per schedule and at the end of semester make up classes are taken to compensate,0,lectures are not conducted as per schedule and at the end of semester make up classes are taken to compensate,5,Classroom Management & Academic Practices
teachers held themselves responsible,1,teachers held themselves responsible,3,Teacher Performance & Student Support
teachers are not cooperative,0,teachers are not cooperative,3,Teacher Performance & Student Support
we should be provided proper teaching about the subject,0,we should be provided proper teaching about the subject,0,Teaching Methodology & Teaching Style
labs are poorly conducted,0,labs are poorly conducted,6,Subject Knowledge & Practical Learning
teachers should avoid nepotism,0,teachers should avoid nepotism,3,Teacher Performance & Student Support
few teachers really encourage students ,1,few teachers really encourage students,3,Teacher Performance & Student Support
they award high marks to their relatives,0,they award high marks to their relatives,4,"Teacher Behaviour, Fairness & Professional Conduct"
teachers should work and behave uniformaly,2,teachers should work and behave uniformaly,3,Teacher Performance & Student Support
they work above cast and creed,1,they work above cast and creed,4,"Teacher Behaviour, Fairness & Professional Conduct"
teachers' training is necessary for productive output,2,teachers training is necessary for productive output,3,Teacher Performance & Student Support
memorization is promoted,0,memorization is promoted,6,Subject Knowledge & Practical Learning
teachers do not make the subject interesting,0,teachers do not make the subject interesting,3,Teacher Performance & Student Support
teachers do not reply properly to our questions,0,teachers do not reply properly to our questions,3,Teacher Performance & Student Support
I request to teach us again,1,i request to teach us again,0,Teaching Methodology & Teaching Style
teachers do not satisfy to our queries,0,teachers do not satisfy to our queries,3,Teacher Performance & Student Support
teachers do not focus on concepts but memorization,0,teachers do not focus on concepts but memorization,3,Teacher Performance & Student Support
we wait for long long hours for teachers,0,we wait for long long hours for teachers,3,Teacher Performance & Student Support
teachers cover most of the syllabus in last weeks of the semester,0,teachers cover most of the syllabus in last weeks of the semester,3,Teacher Performance & Student Support
course is not completed in timely,0,course is not completed in timely,5,Classroom Management & Academic Practices
engineering environment is not available and created,0,engineering environment is not available and created,6,Subject Knowledge & Practical Learning
there is less attitude towards learning skills,0,there is less attitude towards learning skills,6,Subject Knowledge & Practical Learning
teacher motivate towards new technologies,1,teacher motivate towards new technologies,3,Teacher Performance & Student Support
faculty holds events in which state of the art technologies are discussed,1,faculty holds events in which state of the art technologies are discussed,6,Subject Knowledge & Practical Learning
teachers get personal with the students,0,teachers get personal with the students,3,Teacher Performance & Student Support
teachers pretend to be higly professional,0,teachers pretend to be higly professional,3,Teacher Performance & Student Support
examinations are not taken according to the level taught during class,0,examinations are not taken according to the level taught during class,5,Classroom Management & Academic Practices
teachers keep students in fear,0,teachers keep students in fear,3,Teacher Performance & Student Support
teachers have good methodology and are cooperative too,1,teachers have good methodology and are cooperative too,0,Teaching Methodology & Teaching Style
teacher have no comnad over the subject,0,teacher have no comnad over the subject,3,Teacher Performance & Student Support
teachers convey their lectures with full responsibility,1,teachers convey their lectures with full responsibility,3,Teacher Performance & Student Support
teachers create competition in the class,1,teachers create competition in the class,3,Teacher Performance & Student Support
assignment and quiz load is too much,0,assignment and quiz load is too much,5,Classroom Management & Academic Practices
teachers deliver theoratical concepts rather than practical,0,teachers deliver theoratical concepts rather than practical,3,Teacher Performance & Student Support
The teacher are supportive,1,the teacher are supportive,3,Teacher Performance & Student Support
They are considerant,1,they are considerant,4,"Teacher Behaviour, Fairness & Professional Conduct"
they are not puntual,0,they are not puntual,4,"Teacher Behaviour, Fairness & Professional Conduct"
The Teacher is good in behaviour.,1,the teacher is good in behaviour,3,Teacher Performance & Student Support
teaching method is good,1,teaching method is good,0,Teaching Methodology & Teaching Style
few teachers were unfair in evaluating the studetns,0,few teachers were unfair in evaluating the studetns,3,Teacher Performance & Student Support
teachers do not prepare their lectures,0,teachers do not prepare their lectures,5,Classroom Management & Academic Practices
The Teacher is puntual.,1,the teacher is puntual,3,Teacher Performance & Student Support
the teacher is regular,1,the teacher is regular,3,Teacher Performance & Student Support
they do not allow student to inquire,0,they do not allow student to inquire,5,Classroom Management & Academic Practices
teachers discourage asking questions,0,teachers discourage asking questions,3,Teacher Performance & Student Support
they used to ask students to cover important syllabus topics in student presentation,0,they used to ask students to cover important syllabus topics in student presentation,5,Classroom Management & Academic Practices
surprize quizes should be ungraded items,2,surprize quizes should be ungraded items,6,Subject Knowledge & Practical Learning
graded quizes must be discouraged,2,graded quizes must be discouraged,5,Classroom Management & Academic Practices
they do not disclose marking for the examination to the students,0,they do not disclose marking for the examination to the students,5,Classroom Management & Academic Practices
administration should adopt relative grading system,2,administration should adopt relative grading system,5,Classroom Management & Academic Practices
There is absolute gradding system which is injustified,2,there is absolute gradding system which is injustified,6,Subject Knowledge & Practical Learning
head of the department should allocate relevant subject a teacher,2,head of the department should allocate relevant subject a teacher,3,Teacher Performance & Student Support
teachers set too lengthy paper,0,teachers set too lengthy paper,3,Teacher Performance & Student Support
may he teach me again in the next semester,1,may he teach me again in the next semester,2,Teacher Approach & Interpersonal Qualities
examination papers do not reflect what is taught,0,examination papers do not reflect what is taught,5,Classroom Management & Academic Practices
they set long time cosuming question paper,0,they set long time cosuming question paper,6,Subject Knowledge & Practical Learning
The paper marking un baised.,1,the paper marking un baised,6,Subject Knowledge & Practical Learning
teacher is a good motivator,1,teacher is a good motivator,0,Teaching Methodology & Teaching Style
teachers do not check papers properly and justifically,0,teachers do not check papers properly and justifically,3,Teacher Performance & Student Support
teacher should strict to the the topic and do not be  waivy,0,teacher should strict to the the topic and do not be waivy,3,Teacher Performance & Student Support
students are allowed and encourage to ask questions,1,students are allowed and encourage to ask questions,5,Classroom Management & Academic Practices
teachers provide us lab hand outs and go away without any demonstration,0,teachers provide us lab hand outs and go away without any demonstration,6,Subject Knowledge & Practical Learning
teachers do not brief us how to conduct a lab,0,teachers do not brief us how to conduct a lab,3,Teacher Performance & Student Support
wrong subject allocation,0,wrong subject allocation,6,Subject Knowledge & Practical Learning
some are gender biased,0,some are gender biased,4,"Teacher Behaviour, Fairness & Professional Conduct"
teachers help students in completing term and semester projects,1,teachers help students in completing term and semester projects,5,Classroom Management & Academic Practices
they observe proper time table,1,they observe proper time table,6,Subject Knowledge & Practical Learning
teachers do not follow time table strictly,0,teachers do not follow time table strictly,3,Teacher Performance & Student Support
teachers do not provided marked assignments in time,0,teachers do not provided marked assignments in time,3,Teacher Performance & Student Support
teachers do not provide marked quizes ,0,teachers do not provide marked quizes,3,Teacher Performance & Student Support
their knowledge is not up to mark,0,their knowledge is not up to mark,6,Subject Knowledge & Practical Learning
their subject knowledge is not updated,0,their subject knowledge is not updated,6,Subject Knowledge & Practical Learning
teachers provide adequate counseling time to the students,1,teachers provide adequate counseling time to the students,3,Teacher Performance & Student Support
the designated subject PLOs are completed,1,the designated subject plos are completed,6,Subject Knowledge & Practical Learning
teachers achieve subject CLOs ,1,teachers achieve subject clos,3,Teacher Performance & Student Support
no hands on lab work,0,no hands on lab work,6,Subject Knowledge & Practical Learning
limited skill based education is being imparted,0,limited skill based education is being imparted,6,Subject Knowledge & Practical Learning
there is no creativity in teachers' teaching methodology,0,there is no creativity in teachers teaching methodology,3,Teacher Performance & Student Support
teachers have good sense of dressing,1,teachers have good sense of dressing,3,Teacher Performance & Student Support
they follow proper dress coat,1,they follow proper dress coat,4,"Teacher Behaviour, Fairness & Professional Conduct"
teachers do not attend individual needs of a student in the class,0,teachers do not attend individual needs of a student in the class,3,Teacher Performance & Student Support
they response to questions properly,1,they response to questions properly,6,Subject Knowledge & Practical Learning
they allow students to ask without hesitation,1,they allow students to ask without hesitation,5,Classroom Management & Academic Practices
teachers do not follow time table,0,teachers do not follow time table,3,Teacher Performance & Student Support
syllabus is not followed properly,0,syllabus is not followed properly,5,Classroom Management & Academic Practices
teachers listens to student problems,1,teachers listens to student problems,3,Teacher Performance & Student Support
teachers teach on their own wish and do not follow given outlines,0,teachers teach on their own wish and do not follow given outlines,3,Teacher Performance & Student Support
teachers do not prepare lectures,0,teachers do not prepare lectures,5,Classroom Management & Academic Practices
teachers take lectures at their own will and wish and then arrange make ups,0,teachers take lectures at their own will and wish and then arrange make ups,3,Teacher Performance & Student Support
teachers are doing well,1,teachers are doing well,3,Teacher Performance & Student Support
our time is waisted due to irregular class schedule,0,our time is waisted due to irregular class schedule,5,Classroom Management & Academic Practices
the concerned teacher is taking undergraduate students as phd students,0,the concerned teacher is taking undergraduate students as phd students,3,Teacher Performance & Student Support
teachers tries to solve students problems,1,teachers tries to solve students problems,3,Teacher Performance & Student Support
teacher leave topics incompleted,0,teacher leave topics incompleted,3,Teacher Performance & Student Support
teachers show nepotism,0,teachers show nepotism,3,Teacher Performance & Student Support
subject allocation seesm inappropriate,0,subject allocation seesm inappropriate,6,Subject Knowledge & Practical Learning
students are given fair chance to check their papers,1,students are given fair chance to check their papers,5,Classroom Management & Academic Practices
assignments are not checked properly by teachers,0,assignments are not checked properly by teachers,3,Teacher Performance & Student Support
quizzes are often easy,0,quizzes are often easy,6,Subject Knowledge & Practical Learning
rules are followed in the department,1,rules are followed in the department,6,Subject Knowledge & Practical Learning
students in our culture need strictness so be strict,1,students in our culture need strictness so be strict,5,Classroom Management & Academic Practices
they should not leave topics incompleted,2,they should not leave topics incompleted,6,Subject Knowledge & Practical Learning
assignements are given beyond the scope of the subject,0,assignements are given beyond the scope of the subject,6,Subject Knowledge & Practical Learning
they motivate students to learn,1,they motivate students to learn,5,Classroom Management & Academic Practices
teachers encourage us to obtain skills,1,teachers encourage us to obtain skills,0,Teaching Methodology & Teaching Style
hands on approach is followed by the teacher,1,hands on approach is followed by the teacher,0,Teaching Methodology & Teaching Style
teacher take skill oriented method in the class room,1,teacher take skill oriented method in the class room,0,Teaching Methodology & Teaching Style
I wish that he may teach me again,1,i wish that he may teach me again,2,Teacher Approach & Interpersonal Qualities
provide a good environment labs for practical tasks.,2,provide a good environment labs for practical tasks,6,Subject Knowledge & Practical Learning
"Always takes class late, about 30-40 min lates",0,always takes class late about min lates,5,Classroom Management & Academic Practices
Very biased towards girls,0,very biased towards girls,4,"Teacher Behaviour, Fairness & Professional Conduct"
Impressive teaching methodology.,1,impressive teaching methodology,0,Teaching Methodology & Teaching Style
Takes class in a very friendly manner.,1,takes class in a very friendly manner,5,Classroom Management & Academic Practices
Uncooperative towards students.,0,uncooperative towards students,5,Classroom Management & Academic Practices
Tries to just ignore student's problem rather than solving.,0,tries to just ignore student s problem rather than solving,5,Classroom Management & Academic Practices
Good teaching skills.,1,good teaching skills,0,Teaching Methodology & Teaching Style
ries to strengthen student's skills.,1,ries to strengthen student s skills,5,Classroom Management & Academic Practices
"Does not teach indepth for better understanding of problem, instead just give a very minute overview. ",0,does not teach indepth for better understanding of problem instead just give a very minute overview,0,Teaching Methodology & Teaching Style
Wrong teacher assigned to the respective subject.,0,wrong teacher assigned to the respective subject,3,Teacher Performance & Student Support
Very friendly and cooperative in class.,1,very friendly and cooperative in class,4,"Teacher Behaviour, Fairness & Professional Conduct"
unbiased,1,unbiased,4,"Teacher Behaviour, Fairness & Professional Conduct"
Teaching methodology hard to understand.,0,teaching methodology hard to understand,0,Teaching Methodology & Teaching Style
Teaching at a bit of higher level that I feel difficult to understand.,0,teaching at a bit of higher level that i feel difficult to understand,0,Teaching Methodology & Teaching Style
Lack of regularity.,0,lack of regularity,6,Subject Knowledge & Practical Learning
Very friendly and cooperative.,1,very friendly and cooperative,4,"Teacher Behaviour, Fairness & Professional Conduct"
Teaches ethical values also.,1,teaches ethical values also,0,Teaching Methodology & Teaching Style
Too much depth in topic that feels like we may never do it.,0,too much depth in topic that feels like we may never do it,6,Subject Knowledge & Practical Learning
"Motivates but in a demotivated manner, that feels a bit weird.",0,motivates but in a demotivated manner that feels a bit weird,4,"Teacher Behaviour, Fairness & Professional Conduct"
Always wants students to get grip of topic.,1,always wants students to get grip of topic,5,Classroom Management & Academic Practices
Never ever leaves a single line in topic unattempted.,1,never ever leaves a single line in topic unattempted,6,Subject Knowledge & Practical Learning
completes the syllabus,1,completes the syllabus,5,Classroom Management & Academic Practices
he comes in times and leave in time,1,he comes in times and leave in time,2,Teacher Approach & Interpersonal Qualities
he is a good listener,1,he is a good listener,2,Teacher Approach & Interpersonal Qualities
teachers have not given the marked quizzes,0,teachers have not given the marked quizzes,3,Teacher Performance & Student Support
they do not provide feedback on student assignments,0,they do not provide feedback on student assignments,5,Classroom Management & Academic Practices
some teachers were always late for the class,0,some teachers were always late for the class,3,Teacher Performance & Student Support
teachers were boring ,0,teachers were boring,3,Teacher Performance & Student Support
teacher could not understand the challenges student was facing,0,teacher could not understand the challenges student was facing,3,Teacher Performance & Student Support
teacher did not given the adaptive environment for the student to learn,0,teacher did not given the adaptive environment for the student to learn,3,Teacher Performance & Student Support
He is kind and courteous .,1,he is kind and courteous,2,Teacher Approach & Interpersonal Qualities
His way of teaching is so good that students dont miss his even a single class and take all lectures,1,his way of teaching is so good that students dont miss his even a single class and take all lectures,2,Teacher Approach & Interpersonal Qualities
Lack of practical work a little bit ,0,lack of practical work a little bit,6,Subject Knowledge & Practical Learning
He appreciates hard working student,1,he appreciates hard working student,2,Teacher Approach & Interpersonal Qualities
teacher pays attention to weak student.,1,teacher pays attention to weak student,3,Teacher Performance & Student Support
He clear all the doubts related the topics and answer's every questions clearly,1,he clear all the doubts related the topics and answer s every questions clearly,2,Teacher Approach & Interpersonal Qualities
He understands the psyche of the students,1,he understands the psyche of the students,2,Teacher Approach & Interpersonal Qualities
He comes a little bit late and miss some classes,0,he comes a little bit late and miss some classes,2,Teacher Approach & Interpersonal Qualities
Teachers tells the students the correct path,1,teachers tells the students the correct path,3,Teacher Performance & Student Support
Teachers some time are really strict and not familiar with students,0,teachers some time are really strict and not familiar with students,3,Teacher Performance & Student Support
Impose strict rules and regulations ,0,impose strict rules and regulations,6,Subject Knowledge & Practical Learning
they should listen about social problems of the students,2,they should listen about social problems of the students,5,Classroom Management & Academic Practices
Teachers develop the sense  moral values in the students,1,teachers develop the sense moral values in the students,3,Teacher Performance & Student Support
We can learn many practical things from teachers that helps in making a good human,1,we can learn many practical things from teachers that helps in making a good human,0,Teaching Methodology & Teaching Style
Motivation of teachers really acts on students hearts,1,motivation of teachers really acts on students hearts,3,Teacher Performance & Student Support
student may not be forbidden from doing part-time jobs,2,student may not be forbidden from doing part time jobs,5,Classroom Management & Academic Practices
teachers fail a student due to its short attendance,0,teachers fail a student due to its short attendance,3,Teacher Performance & Student Support
teachers behaviour is not as per standards,0,teachers behaviour is not as per standards,3,Teacher Performance & Student Support
teachers are friendly and cooperative,1,teachers are friendly and cooperative,3,Teacher Performance & Student Support
teachers are biased towards female students,0,teachers are biased towards female students,3,Teacher Performance & Student Support
The method of teaching is very good,1,the method of teaching is very good,0,Teaching Methodology & Teaching Style
The Teaching behavior with Students is Excellent.,1,the teaching behavior with students is excellent,0,Teaching Methodology & Teaching Style
The Teacher Always come to class late.,0,the teacher always come to class late,3,Teacher Performance & Student Support
The Teacher Marking and behavior in class are  Baised.,0,the teacher marking and behavior in class are baised,3,Teacher Performance & Student Support
The Question in paper is out of slaybus.,0,the question in paper is out of slaybus,6,Subject Knowledge & Practical Learning
students doing part-time job should not be marginalized,2,students doing part time job should not be marginalized,5,Classroom Management & Academic Practices
method of  teaching is tough.,0,method of teaching is tough,0,Teaching Methodology & Teaching Style
The Teacher never listen the question of students.,0,the teacher never listen the question of students,3,Teacher Performance & Student Support
Honest ,1,honest,4,"Teacher Behaviour, Fairness & Professional Conduct"
Do not  understand student's personal situation,0,do not understand student s personal situation,5,Classroom Management & Academic Practices
puntual,1,puntual,4,"Teacher Behaviour, Fairness & Professional Conduct"
Some teachers just care about rules,0,some teachers just care about rules,3,Teacher Performance & Student Support
Some teachers discourage,0,some teachers discourage,3,Teacher Performance & Student Support
hardworking,1,hardworking,6,Subject Knowledge & Practical Learning
teachers create fear of failing students,0,teachers create fear of failing students,3,Teacher Performance & Student Support
teachers discourage part-time jobs of students,0,teachers discourage part time jobs of students,3,Teacher Performance & Student Support
Teach us in easy & understandable way,1,teach us in easy understandable way,0,Teaching Methodology & Teaching Style
encourage boys more than girls,0,encourage boys more than girls,4,"Teacher Behaviour, Fairness & Professional Conduct"
A good teacher by heart too,1,a good teacher by heart too,0,Teaching Methodology & Teaching Style
teachers should encourage part-time job when low income families are under financial crunch,2,teachers should encourage part time job when low income families are under financial crunch,3,Teacher Performance & Student Support
"Never felt any teacher being offended,when we ask questions.",1,never felt any teacher being offended when we ask questions,3,Teacher Performance & Student Support
Gender base discrimination.,0,gender base discrimination,6,Subject Knowledge & Practical Learning
caste based discrimination,0,caste based discrimination,4,"Teacher Behaviour, Fairness & Professional Conduct"
Favoritism exists and that is not good .,0,favoritism exists and that is not good,4,"Teacher Behaviour, Fairness & Professional Conduct"
Degrading the students does not teachers a good one,0,degrading the students does not teachers a good one,3,Teacher Performance & Student Support
Some teachers do not check if lab is plagiarised,0,some teachers do not check if lab is plagiarised,3,Teacher Performance & Student Support
teachers also tell us about humanity and ethics,1,teachers also tell us about humanity and ethics,3,Teacher Performance & Student Support
they are unfamiliar with modern trends,0,they are unfamiliar with modern trends,6,Subject Knowledge & Practical Learning
teachers tell us about ways of living a good life,1,teachers tell us about ways of living a good life,0,Teaching Methodology & Teaching Style
they follow rules truly,1,they follow rules truly,4,"Teacher Behaviour, Fairness & Professional Conduct"
there is gap in practical work,0,there is gap in practical work,6,Subject Knowledge & Practical Learning
they do not know the field work,0,they do not know the field work,6,Subject Knowledge & Practical Learning
practical work lacks,0,practical work lacks,6,Subject Knowledge & Practical Learning
teachers are not familiar with modern tools,0,teachers are not familiar with modern tools,3,Teacher Performance & Student Support
teachers of CSE are excellent,1,teachers of cse are excellent,0,Teaching Methodology & Teaching Style
she takes all the lectures on time,1,she takes all the lectures on time,2,Teacher Approach & Interpersonal Qualities
"if on leave, they take make-up lectures",1,if on leave they take make up lectures,5,Classroom Management & Academic Practices
they take labs at the given time,1,they take labs at the given time,6,Subject Knowledge & Practical Learning
teachers do not discriminate between male and female,1,teachers do not discriminate between male and female,3,Teacher Performance & Student Support
they do not keep difference between boys and girls,1,they do not keep difference between boys and girls,4,"Teacher Behaviour, Fairness & Professional Conduct"
teaching way is very simple,1,teaching way is very simple,0,Teaching Methodology & Teaching Style
teacher do not take lectures at the given time,0,teacher do not take lectures at the given time,5,Classroom Management & Academic Practices
teacher do not return marked assignments,0,teacher do not return marked assignments,3,Teacher Performance & Student Support
they do not give back marked tests,0,they do not give back marked tests,6,Subject Knowledge & Practical Learning
he is very good teacher,1,he is very good teacher,2,Teacher Approach & Interpersonal Qualities
they are regular,1,they are regular,4,"Teacher Behaviour, Fairness & Professional Conduct"
he is not good teacher,0,he is not good teacher,2,Teacher Approach & Interpersonal Qualities
teacher do not know what he/she teaches,0,teacher do not know what he she teaches,3,Teacher Performance & Student Support
teachers teaches us about high moral value too,1,teachers teaches us about high moral value too,0,Teaching Methodology & Teaching Style
she is not puntual,0,she is not puntual,4,"Teacher Behaviour, Fairness & Professional Conduct"
she is well behaved,1,she is well behaved,4,"Teacher Behaviour, Fairness & Professional Conduct"
teacher does not know she describes,0,teacher does not know she describes,3,Teacher Performance & Student Support
he is not punctual,0,he is not punctual,2,Teacher Approach & Interpersonal Qualities
she talks too much,2,she talks too much,4,"Teacher Behaviour, Fairness & Professional Conduct"
teacher does not checks home work assignments,0,teacher does not checks home work assignments,3,Teacher Performance & Student Support
all the teachers are hard working,1,all the teachers are hard working,3,Teacher Performance & Student Support
they give full attention,1,they give full attention,4,"Teacher Behaviour, Fairness & Professional Conduct"
his teaching method is very good,1,his teaching method is very good,2,Teacher Approach & Interpersonal Qualities
he is very honest teacher,1,he is very honest teacher,2,Teacher Approach & Interpersonal Qualities
he did not return quiz,0,he did not return quiz,2,Teacher Approach & Interpersonal Qualities
she do not take lecture in time,0,she do not take lecture in time,5,Classroom Management & Academic Practices
few teachers do favourtism,0,few teachers do favourtism,3,Teacher Performance & Student Support
a teacher should be proud,0,a teacher should be proud,3,Teacher Performance & Student Support
teachers have minimum knowledge,0,teachers have minimum knowledge,3,Teacher Performance & Student Support
teachers are very helpful,1,teachers are very helpful,0,Teaching Methodology & Teaching Style
they resolve students' issues immediately,1,they resolve students issues immediately,5,Classroom Management & Academic Practices
teachers are friendly and supportive,1,teachers are friendly and supportive,3,Teacher Performance & Student Support
his teaching method is not good,0,his teaching method is not good,2,Teacher Approach & Interpersonal Qualities
teacher are pleased with questions from the students,1,teacher are pleased with questions from the students,3,Teacher Performance & Student Support
few teachers do not return our tests and assignemnts,0,few teachers do not return our tests and assignemnts,3,Teacher Performance & Student Support
a teacher did not take classes at time,0,a teacher did not take classes at time,3,Teacher Performance & Student Support
he favours girls,0,he favours girls,2,Teacher Approach & Interpersonal Qualities
one teacher is biased towards girls,0,one teacher is biased towards girls,3,Teacher Performance & Student Support
he disagrees with the boys,0,he disagrees with the boys,2,Teacher Approach & Interpersonal Qualities
he takes class as per time table,1,he takes class as per time table,2,Teacher Approach & Interpersonal Qualities
his teaching method is good,1,his teaching method is good,2,Teacher Approach & Interpersonal Qualities
she makes difficult topic easy,1,she makes difficult topic easy,6,Subject Knowledge & Practical Learning
her teaching method is simple,1,her teaching method is simple,0,Teaching Methodology & Teaching Style
she is nice person,1,she is nice person,4,"Teacher Behaviour, Fairness & Professional Conduct"
she never arrive in time in the classs,0,she never arrive in time in the classs,5,Classroom Management & Academic Practices
teachers burden the students,0,teachers burden the students,3,Teacher Performance & Student Support
a few teachers cannot explain complex topics,0,a few teachers cannot explain complex topics,3,Teacher Performance & Student Support
unclear concepts,0,unclear concepts,6,Subject Knowledge & Practical Learning
he tries his best to transfer his concepts towards students,1,he tries his best to transfer his concepts towards students,2,Teacher Approach & Interpersonal Qualities
he teaches in order,1,he teaches in order,2,Teacher Approach & Interpersonal Qualities
he replies humbly,1,he replies humbly,2,Teacher Approach & Interpersonal Qualities
the teachers answer the question properly,1,the teachers answer the question properly,3,Teacher Performance & Student Support
he is not annoyed at repeated similar quries,1,he is not annoyed at repeated similar quries,2,Teacher Approach & Interpersonal Qualities
teachers welcome new ideas,1,teachers welcome new ideas,3,Teacher Performance & Student Support
he is unique among all teachers,1,he is unique among all teachers,2,Teacher Approach & Interpersonal Qualities
he does not pay attention in his lectures,0,he does not pay attention in his lectures,2,Teacher Approach & Interpersonal Qualities
come late in the class,0,come late in the class,5,Classroom Management & Academic Practices
always in anger,0,always in anger,4,"Teacher Behaviour, Fairness & Professional Conduct"
enter the class with angry mood,0,enter the class with angry mood,5,Classroom Management & Academic Practices
does not check papers corretly,0,does not check papers corretly,6,Subject Knowledge & Practical Learning
always late,0,always late,4,"Teacher Behaviour, Fairness & Professional Conduct"
very puntual,1,very puntual,4,"Teacher Behaviour, Fairness & Professional Conduct"
method of teaching is so good,1,method of teaching is so good,0,Teaching Methodology & Teaching Style
ties the best to transfer the concepts in all lectures,1,ties the best to transfer the concepts in all lectures,5,Classroom Management & Academic Practices
welcomes all questions,1,welcomes all questions,4,"Teacher Behaviour, Fairness & Professional Conduct"
not regular and puntual,0,not regular and puntual,4,"Teacher Behaviour, Fairness & Professional Conduct"
not hard working,0,not hard working,6,Subject Knowledge & Practical Learning
very good in teaching,1,very good in teaching,0,Teaching Methodology & Teaching Style
expert of the subject,1,expert of the subject,6,Subject Knowledge & Practical Learning
excellent in his field of knowledge,1,excellent in his field of knowledge,2,Teacher Approach & Interpersonal Qualities
strict in attendance,1,strict in attendance,5,Classroom Management & Academic Practices
have logical thinking,1,have logical thinking,6,Subject Knowledge & Practical Learning
has sweet behavioru towards the students,1,has sweet behavioru towards the students,5,Classroom Management & Academic Practices
teacher is friendly towards students,1,teacher is friendly towards students,3,Teacher Performance & Student Support
has good communication skills,1,has good communication skills,2,Teacher Approach & Interpersonal Qualities
teacher is very understanding of students problems,1,teacher is very understanding of students problems,3,Teacher Performance & Student Support
he keeps the class in decorum,1,he keeps the class in decorum,2,Teacher Approach & Interpersonal Qualities
do not give sufficient time for assignments,0,do not give sufficient time for assignments,5,Classroom Management & Academic Practices
having rude behaviour,0,having rude behaviour,4,"Teacher Behaviour, Fairness & Professional Conduct"
does not have any idea of the subject,0,does not have any idea of the subject,6,Subject Knowledge & Practical Learning
not friendly towards students,0,not friendly towards students,5,Classroom Management & Academic Practices
reaches in time in the class,1,reaches in time in the class,5,Classroom Management & Academic Practices
they insist to have high moral values,1,they insist to have high moral values,4,"Teacher Behaviour, Fairness & Professional Conduct"
few teachers miss the lectures,0,few teachers miss the lectures,5,Classroom Management & Academic Practices
does not deliver lectures,0,does not deliver lectures,5,Classroom Management & Academic Practices
asks too much work from the students,0,asks too much work from the students,5,Classroom Management & Academic Practices
laboratory concepts are bit weak,0,laboratory concepts are bit weak,6,Subject Knowledge & Practical Learning
practical skills are weak,0,practical skills are weak,6,Subject Knowledge & Practical Learning
teacher uses most of his time using mobile,0,teacher uses most of his time using mobile,3,Teacher Performance & Student Support
absolutely puntual,1,absolutely puntual,4,"Teacher Behaviour, Fairness & Professional Conduct"
teaches in detail,1,teaches in detail,0,Teaching Methodology & Teaching Style
few teachers are hostile towards students,0,few teachers are hostile towards students,3,Teacher Performance & Student Support
helpful in difficulties,1,helpful in difficulties,6,Subject Knowledge & Practical Learning
he is joly in the class that helps us in concentrating,1,he is joly in the class that helps us in concentrating,2,Teacher Approach & Interpersonal Qualities
provides lecture notes,1,provides lecture notes,5,Classroom Management & Academic Practices
keeps decorum of the class,1,keeps decorum of the class,5,Classroom Management & Academic Practices
their teaching method is professional,1,their teaching method is professional,0,Teaching Methodology & Teaching Style
they pay full attention towards our questions,1,they pay full attention towards our questions,6,Subject Knowledge & Practical Learning
he takes good lectures,1,he takes good lectures,2,Teacher Approach & Interpersonal Qualities
he teaches in a good manner,1,he teaches in a good manner,2,Teacher Approach & Interpersonal Qualities
he comes on time and does his duty well,1,he comes on time and does his duty well,2,Teacher Approach & Interpersonal Qualities
guides us in a proper manner,1,guides us in a proper manner,4,"Teacher Behaviour, Fairness & Professional Conduct"
does not know any thing about the subject,0,does not know any thing about the subject,6,Subject Knowledge & Practical Learning
does not demonstrate the lab,0,does not demonstrate the lab,6,Subject Knowledge & Practical Learning
teacher discourages us,0,teacher discourages us,3,Teacher Performance & Student Support
they insult the students,0,they insult the students,5,Classroom Management & Academic Practices
teacher behaviour is very nice,1,teacher behaviour is very nice,3,Teacher Performance & Student Support
I did not undertand teacher's teaching methodology,0,i did not undertand teacher s teaching methodology,0,Teaching Methodology & Teaching Style
the teacher is beyond being strict,0,the teacher is beyond being strict,3,Teacher Performance & Student Support
they encourage us to present our knowledge,1,they encourage us to present our knowledge,6,Subject Knowledge & Practical Learning
teacher encoursges the students to show case the communication skills,1,teacher encoursges the students to show case the communication skills,3,Teacher Performance & Student Support
teacher worked hard to deliver,1,teacher worked hard to deliver,3,Teacher Performance & Student Support
teaches properly,1,teaches properly,0,Teaching Methodology & Teaching Style
he do not accept student's point of view,0,he do not accept student s point of view,2,Teacher Approach & Interpersonal Qualities
his teacing method is not understandable,0,his teacing method is not understandable,2,Teacher Approach & Interpersonal Qualities
he has two faces,0,he has two faces,2,Teacher Approach & Interpersonal Qualities
discouraging behaviour,0,discouraging behaviour,6,Subject Knowledge & Practical Learning
teachers' are available in offices when needed,1,teachers are available in offices when needed,3,Teacher Performance & Student Support
he listens to himself only,0,he listens to himself only,2,Teacher Approach & Interpersonal Qualities
do not care about the students,0,do not care about the students,5,Classroom Management & Academic Practices
a good teacher by all means,1,a good teacher by all means,0,Teaching Methodology & Teaching Style
he works hard,1,he works hard,2,Teacher Approach & Interpersonal Qualities
teacher has a good personality,1,teacher has a good personality,3,Teacher Performance & Student Support
he is responsible,1,he is responsible,2,Teacher Approach & Interpersonal Qualities
teacher is very punctual,1,teacher is very punctual,3,Teacher Performance & Student Support
he listens to the students carefully,1,he listens to the students carefully,2,Teacher Approach & Interpersonal Qualities
he helps his students,1,he helps his students,2,Teacher Approach & Interpersonal Qualities
"teachers want to be the best, he is",1,teachers want to be the best he is,2,Teacher Approach & Interpersonal Qualities
he creates friendly environment,1,he creates friendly environment,2,Teacher Approach & Interpersonal Qualities
learn ! Is his motive,1,learn is his motive,2,Teacher Approach & Interpersonal Qualities
"study, learn, be skilful is his objective",1,study learn be skilful is his objective,2,Teacher Approach & Interpersonal Qualities
his paper is always difficult,0,his paper is always difficult,2,Teacher Approach & Interpersonal Qualities
teachers are not good,0,teachers are not good,3,Teacher Performance & Student Support
they help when I am in problems,1,they help when i am in problems,6,Subject Knowledge & Practical Learning
they are available when required,1,they are available when required,6,Subject Knowledge & Practical Learning
always ready to guide,1,always ready to guide,4,"Teacher Behaviour, Fairness & Professional Conduct"
they teach us with full effort,1,they teach us with full effort,0,Teaching Methodology & Teaching Style
they give full chance to students to experss themselves,1,they give full chance to students to experss themselves,5,Classroom Management & Academic Practices
teacher insists to be disciplined,1,teacher insists to be disciplined,3,Teacher Performance & Student Support
teachers motivate us to learn and be happy,1,teachers motivate us to learn and be happy,3,Teacher Performance & Student Support
teacher seems passionate about the teaching,1,teacher seems passionate about the teaching,3,Teacher Performance & Student Support
teacher allow us to talk freely,1,teacher allow us to talk freely,3,Teacher Performance & Student Support
his teaching and assessment are different,0,his teaching and assessment are different,2,Teacher Approach & Interpersonal Qualities
teacher does not clarify many concepts during lectures,0,teacher does not clarify many concepts during lectures,5,Classroom Management & Academic Practices
he is strict about class discipline,1,he is strict about class discipline,2,Teacher Approach & Interpersonal Qualities
teachers are friendly and nice,1,teachers are friendly and nice,3,Teacher Performance & Student Support
they are usually late for the classes,0,they are usually late for the classes,5,Classroom Management & Academic Practices
teacher should not pressurise the students,2,teacher should not pressurise the students,3,Teacher Performance & Student Support
they are easy to approach,1,they are easy to approach,6,Subject Knowledge & Practical Learning
teachers are knowledgeable,1,teachers are knowledgeable,3,Teacher Performance & Student Support
teachers do not discriminate and keep all equal,1,teachers do not discriminate and keep all equal,3,Teacher Performance & Student Support
they work really hard for us,1,they work really hard for us,4,"Teacher Behaviour, Fairness & Professional Conduct"
taught in a nice way,1,taught in a nice way,0,Teaching Methodology & Teaching Style
they understand their students needs,1,they understand their students needs,5,Classroom Management & Academic Practices
they failed to deliver the subject contents,0,they failed to deliver the subject contents,6,Subject Knowledge & Practical Learning
teacher was harsh,0,teacher was harsh,3,Teacher Performance & Student Support
teacher's evaluation and teaching are apart,0,teacher s evaluation and teaching are apart,3,Teacher Performance & Student Support
teachers do not prepare their students for examination,0,teachers do not prepare their students for examination,3,Teacher Performance & Student Support
teacher favours a few particular students,0,teacher favours a few particular students,3,Teacher Performance & Student Support
the teacher is lazy,0,the teacher is lazy,3,Teacher Performance & Student Support
confuses students,0,confuses students,5,Classroom Management & Academic Practices
too rude to be a teacher,0,too rude to be a teacher,3,Teacher Performance & Student Support
he is a natural teacher,1,he is a natural teacher,2,Teacher Approach & Interpersonal Qualities
do not complete work,0,do not complete work,6,Subject Knowledge & Practical Learning
teaching method is difficult,0,teaching method is difficult,0,Teaching Methodology & Teaching Style
"the best teacher, I think",1,the best teacher i think,0,Teaching Methodology & Teaching Style
not easy to understand the lectures,0,not easy to understand the lectures,5,Classroom Management & Academic Practices
rude in teaching in class,0,rude in teaching in class,3,Teacher Performance & Student Support
they try to persuade us to gain skills,2,they try to persuade us to gain skills,6,Subject Knowledge & Practical Learning
keeps students in confusion,0,keeps students in confusion,5,Classroom Management & Academic Practices
he is a quality teacher I have ever met,1,he is a quality teacher i have ever met,2,Teacher Approach & Interpersonal Qualities
does not complete the work in time,0,does not complete the work in time,6,Subject Knowledge & Practical Learning
its method is not easy to grasp,0,its method is not easy to grasp,6,Subject Knowledge & Practical Learning
misses the classes,0,misses the classes,5,Classroom Management & Academic Practices
teacher knows how to handle the class,1,teacher knows how to handle the class,3,Teacher Performance & Student Support
teachers' paper is not from given work,0,teachers paper is not from given work,3,Teacher Performance & Student Support
he clarifies all concepts related to the subject,1,he clarifies all concepts related to the subject,2,Teacher Approach & Interpersonal Qualities
he encourage us to ask as many question as possible,1,he encourage us to ask as many question as possible,2,Teacher Approach & Interpersonal Qualities
help students in all matters,1,help students in all matters,5,Classroom Management & Academic Practices
assigns valuable tasks to the students,1,assigns valuable tasks to the students,5,Classroom Management & Academic Practices
his paper is from the taught work,1,his paper is from the taught work,2,Teacher Approach & Interpersonal Qualities
he teaches well and care well too,1,he teaches well and care well too,2,Teacher Approach & Interpersonal Qualities
the teaching method was not good,0,the teaching method was not good,0,Teaching Methodology & Teaching Style
teachers are often late for the lectures,0,teachers are often late for the lectures,5,Classroom Management & Academic Practices
he is the best motivator indeed,1,he is the best motivator indeed,2,Teacher Approach & Interpersonal Qualities
she rewards the deserving students,1,she rewards the deserving students,5,Classroom Management & Academic Practices
he takes too for too long time,2,he takes too for too long time,2,Teacher Approach & Interpersonal Qualities
teacher gives lengthy assignments,0,teacher gives lengthy assignments,3,Teacher Performance & Student Support
teachers are well dressed,2,teachers are well dressed,3,Teacher Performance & Student Support
we feel relaxed during his lecture due to his polite nature,1,we feel relaxed during his lecture due to his polite nature,2,Teacher Approach & Interpersonal Qualities
he is soft spoken teacher,1,he is soft spoken teacher,2,Teacher Approach & Interpersonal Qualities
the lectures are a load for us,0,the lectures are a load for us,5,Classroom Management & Academic Practices
he teaches by examples from daily life,1,he teaches by examples from daily life,2,Teacher Approach & Interpersonal Qualities
he keeps us busy with benefitting activities,1,he keeps us busy with benefitting activities,2,Teacher Approach & Interpersonal Qualities
we catch the topics easily due to his teaching method,1,we catch the topics easily due to his teaching method,2,Teacher Approach & Interpersonal Qualities
teaching methodology is troublesome,0,teaching methodology is troublesome,0,Teaching Methodology & Teaching Style
it is good that he welcomes questions,1,it is good that he welcomes questions,2,Teacher Approach & Interpersonal Qualities
"he make us fear free, helping us to learn",1,he make us fear free helping us to learn,2,Teacher Approach & Interpersonal Qualities
teachere tries to get us out of mark race,1,teachere tries to get us out of mark race,3,Teacher Performance & Student Support
"""Concentrate on learning"" is his moto",1,concentrate on learning is his moto,2,Teacher Approach & Interpersonal Qualities
his lectures are too lengthy to absorb,0,his lectures are too lengthy to absorb,2,Teacher Approach & Interpersonal Qualities
he teaches basic concepts and evaluates from advanced ones,0,he teaches basic concepts and evaluates from advanced ones,2,Teacher Approach & Interpersonal Qualities
"only teaching, no discussion or activity",0,only teaching no discussion or activity,0,Teaching Methodology & Teaching Style
he taught us very well,1,he taught us very well,0,Teaching Methodology & Teaching Style
"he starts from the basic concept, worth appreciation",1,he starts from the basic concept worth appreciation,2,Teacher Approach & Interpersonal Qualities
he focuses on studies,1,he focuses on studies,2,Teacher Approach & Interpersonal Qualities
he takes too long lectures,0,he takes too long lectures,2,Teacher Approach & Interpersonal Qualities
does not pay any attention towards the students during lecturing,0,does not pay any attention towards the students during lecturing,5,Classroom Management & Academic Practices
he do his work with responsibility,0,he do his work with responsibility,2,Teacher Approach & Interpersonal Qualities
teacher treats all equal,1,teacher treats all equal,3,Teacher Performance & Student Support
he motivates to be be succesful,1,he motivates to be be succesful,2,Teacher Approach & Interpersonal Qualities
he tries to deliver lectures in the best possible way,1,he tries to deliver lectures in the best possible way,2,Teacher Approach & Interpersonal Qualities
the teacher taught us multiple skills,1,the teacher taught us multiple skills,0,Teaching Methodology & Teaching Style
a teacher should persuade students to study,2,a teacher should persuade students to study,3,Teacher Performance & Student Support
awards high grades to undeserving students,0,awards high grades to undeserving students,5,Classroom Management & Academic Practices
he is very competitive teacher,1,he is very competitive teacher,2,Teacher Approach & Interpersonal Qualities
lectue time should not be above 45 minutes,2,lectue time should not be above minutes,4,"Teacher Behaviour, Fairness & Professional Conduct"
he tackles and teaches the subject well,1,he tackles and teaches the subject well,2,Teacher Approach & Interpersonal Qualities
his lecture time seems like an investment,1,his lecture time seems like an investment,2,Teacher Approach & Interpersonal Qualities
teachers should keep student engaged in class activities,2,teachers should keep student engaged in class activities,3,Teacher Performance & Student Support
teacher personality is impressive,1,teacher personality is impressive,0,Teaching Methodology & Teaching Style
class lectures seems wastage of tome,0,class lectures seems wastage of tome,5,Classroom Management & Academic Practices
"labs are poorly designed, lagging creativity",0,labs are poorly designed lagging creativity,6,Subject Knowledge & Practical Learning
hands on work lacks modern tool usage,0,hands on work lacks modern tool usage,6,Subject Knowledge & Practical Learning
teachers should try to know students' social problems,2,teachers should try to know students social problems,3,Teacher Performance & Student Support
"I like their behaviour, the most",1,i like their behaviour the most,4,"Teacher Behaviour, Fairness & Professional Conduct"
their communication is excellent,0,their communication is excellent,4,"Teacher Behaviour, Fairness & Professional Conduct"
they scold students,0,they scold students,5,Classroom Management & Academic Practices
student likes those teachers who have indepth knowledge,2,student likes those teachers who have indepth knowledge,3,Teacher Performance & Student Support
they inculcate knowledge within the students in an interesting way,1,they inculcate knowledge within the students in an interesting way,5,Classroom Management & Academic Practices
teachers disgrade us,0,teachers disgrade us,3,Teacher Performance & Student Support
teacher deliver information in with an easy method,1,teacher deliver information in with an easy method,3,Teacher Performance & Student Support
teaching method is quite systematic,1,teaching method is quite systematic,0,Teaching Methodology & Teaching Style
their behaviour is disrespecting,0,their behaviour is disrespecting,4,"Teacher Behaviour, Fairness & Professional Conduct"
a teacher should create love for the subject,2,a teacher should create love for the subject,3,Teacher Performance & Student Support
a teacher should be encouraging,2,a teacher should be encouraging,3,Teacher Performance & Student Support
their communication skills are shallow,0,their communication skills are shallow,4,"Teacher Behaviour, Fairness & Professional Conduct"
a good teacher never discourages,2,a good teacher never discourages,3,Teacher Performance & Student Support
teacher should take all students equally,2,teacher should take all students equally,3,Teacher Performance & Student Support
teachers do not know any thing about the subject,0,teachers do not know any thing about the subject,3,Teacher Performance & Student Support
teachers pursuade students to learn,1,teachers pursuade students to learn,3,Teacher Performance & Student Support
teachers make students realize their strenghts ,1,teachers make students realize their strenghts,3,Teacher Performance & Student Support
they do not treat us well,0,they do not treat us well,4,"Teacher Behaviour, Fairness & Professional Conduct"
they indicate our weaknesses in a gentle way ,1,they indicate our weaknesses in a gentle way,4,"Teacher Behaviour, Fairness & Professional Conduct"
teachers treat us unequally,0,teachers treat us unequally,3,Teacher Performance & Student Support
ours teachers kind and sympathetic,1,ours teachers kind and sympathetic,3,Teacher Performance & Student Support
teachers get students involved in class discussions,1,teachers get students involved in class discussions,3,Teacher Performance & Student Support
she makes difference between a high grade and low grade student,0,she makes difference between a high grade and low grade student,3,Teacher Performance & Student Support
he gives proper attentions towards our questions,1,he gives proper attentions towards our questions,2,Teacher Approach & Interpersonal Qualities
they understand our problems,1,they understand our problems,6,Subject Knowledge & Practical Learning
teacher ignores us and prefers a few,0,teacher ignores us and prefers a few,3,Teacher Performance & Student Support
they also help us in solving academic issues,1,they also help us in solving academic issues,6,Subject Knowledge & Practical Learning
teachers assist students to handle campus life,1,teachers assist students to handle campus life,5,Classroom Management & Academic Practices
they redicule students on their low achievements,0,they redicule students on their low achievements,5,Classroom Management & Academic Practices
she creates an encouraging and progressing scenario in the class,1,she creates an encouraging and progressing scenario in the class,5,Classroom Management & Academic Practices
teachers discourage and scold us on getting failed in the examination,0,teachers discourage and scold us on getting failed in the examination,3,Teacher Performance & Student Support
he has the psychy of disliking students,0,he has the psychy of disliking students,2,Teacher Approach & Interpersonal Qualities
A teacher knows the strength and weakness of his Students,1,a teacher knows the strength and weakness of his students,3,Teacher Performance & Student Support
he teaches  in a way that his lectures are not burden for his Student,1,he teaches in a way that his lectures are not burden for his student,2,Teacher Approach & Interpersonal Qualities
instructors lectures create stress,0,instructors lectures create stress,5,Classroom Management & Academic Practices
they are full of knowledge,1,they are full of knowledge,6,Subject Knowledge & Practical Learning
teachers have effective communication skills,1,teachers have effective communication skills,3,Teacher Performance & Student Support
they are having patience towards students,1,they are having patience towards students,5,Classroom Management & Academic Practices
attending teachers' lectures are punishment for the students.,0,attending teachers lectures are punishment for the students,5,Classroom Management & Academic Practices
he possesses rare quality of tolerance,1,he possesses rare quality of tolerance,2,Teacher Approach & Interpersonal Qualities
great motivational skills,1,great motivational skills,0,Teaching Methodology & Teaching Style
teachers expect too high from the students,0,teachers expect too high from the students,3,Teacher Performance & Student Support
Teachers try to understands the entire class.,1,teachers try to understands the entire class,3,Teacher Performance & Student Support
teacher provide equall opportunity for all the students in the class,1,teacher provide equall opportunity for all the students in the class,3,Teacher Performance & Student Support
They create a positive environment in the class,1,they create a positive environment in the class,5,Classroom Management & Academic Practices
his teaching methodology alows even the weakest students to comprehend and learn.,1,his teaching methodology alows even the weakest students to comprehend and learn,2,Teacher Approach & Interpersonal Qualities
faculty is inexperienced,0,faculty is inexperienced,5,Classroom Management & Academic Practices
Huge gap between students and Teachers,0,huge gap between students and teachers,3,Teacher Performance & Student Support
students fear teachers,0,students fear teachers,3,Teacher Performance & Student Support
teachers lag in effective teaching,0,teachers lag in effective teaching,3,Teacher Performance & Student Support
instructor evaluates fairly,1,instructor evaluates fairly,0,Teaching Methodology & Teaching Style
they lag in hands on skills,0,they lag in hands on skills,6,Subject Knowledge & Practical Learning
teachers are not available for councelling hours,0,teachers are not available for councelling hours,3,Teacher Performance & Student Support
they impart outdated information,0,they impart outdated information,6,Subject Knowledge & Practical Learning
Lab work is not effective at all,0,lab work is not effective at all,6,Subject Knowledge & Practical Learning
punctuality: that is also good,1,punctuality that is also good,4,"Teacher Behaviour, Fairness & Professional Conduct"
excellent,1,excellent,4,"Teacher Behaviour, Fairness & Professional Conduct"
teachers force us to complete lab task,0,teachers force us to complete lab task,3,Teacher Performance & Student Support
That instructor compels student to complete on lab task,0,that instructor compels student to complete on lab task,5,Classroom Management & Academic Practices
there is higher grade race,2,there is higher grade race,4,"Teacher Behaviour, Fairness & Professional Conduct"
the teacher understands individuals student's mindset,1,the teacher understands individuals student s mindset,3,Teacher Performance & Student Support
they evaluate the students well,1,they evaluate the students well,5,Classroom Management & Academic Practices
in terms of intraction that is very bad.,0,in terms of intraction that is very bad,6,Subject Knowledge & Practical Learning
teachers appreciate the students,1,teachers appreciate the students,3,Teacher Performance & Student Support
instructors keep friendly behaviour with the students,1,instructors keep friendly behaviour with the students,5,Classroom Management & Academic Practices
they create learning atmoshphere for the students,1,they create learning atmoshphere for the students,5,Classroom Management & Academic Practices
he has the highest command of the subject.,1,he has the highest command of the subject,2,Teacher Approach & Interpersonal Qualities
 they set high moral standards by being an example,1,they set high moral standards by being an example,4,"Teacher Behaviour, Fairness & Professional Conduct"
treats everyone equally,1,treats everyone equally,4,"Teacher Behaviour, Fairness & Professional Conduct"
creating extra work load for student at the end of each semester is their practice,0,creating extra work load for student at the end of each semester is their practice,5,Classroom Management & Academic Practices
Excellent lectures are delivered by teachers.,1,excellent lectures are delivered by teachers,0,Teaching Methodology & Teaching Style
and all teachers are very punctual.,1,and all teachers are very punctual,3,Teacher Performance & Student Support
teachers give us all the information required to improve the performance.,1,teachers give us all the information required to improve the performance,0,Teaching Methodology & Teaching Style
a few instructors do not have grip on the subject,0,a few instructors do not have grip on the subject,5,Classroom Management & Academic Practices
regular and punctual,1,regular and punctual,4,"Teacher Behaviour, Fairness & Professional Conduct"
they are good,1,they are good,4,"Teacher Behaviour, Fairness & Professional Conduct"
their performance is commendable,1,their performance is commendable,4,"Teacher Behaviour, Fairness & Professional Conduct"
way of teaching is great,1,way of teaching is great,0,Teaching Methodology & Teaching Style
they merely depend on slides which is not good,0,they merely depend on slides which is not good,6,Subject Knowledge & Practical Learning
usage of slides is a easy way of teaching but still leaving some concepts unclear.,0,usage of slides is a easy way of teaching but still leaving some concepts unclear,0,Teaching Methodology & Teaching Style
upto the mark and punctuality is  fine. ,1,upto the mark and punctuality is fine,4,"Teacher Behaviour, Fairness & Professional Conduct"
Lecture delivery sometimes is not upto the mark,0,lecture delivery sometimes is not upto the mark,5,Classroom Management & Academic Practices
their interaction is also kind of boring,0,their interaction is also kind of boring,4,"Teacher Behaviour, Fairness & Professional Conduct"
they lack in subject knowledge,0,they lack in subject knowledge,6,Subject Knowledge & Practical Learning
we can interact with the teachers easily,1,we can interact with the teachers easily,3,Teacher Performance & Student Support
the quality of teaching and stuff delivered is not good,0,the quality of teaching and stuff delivered is not good,0,Teaching Methodology & Teaching Style
"Interaction is very good,accurate supplement material is provided",1,interaction is very good accurate supplement material is provided,6,Subject Knowledge & Practical Learning
teacher recommended books are poor,0,teacher recommended books are poor,3,Teacher Performance & Student Support
perfect,1,perfect,4,"Teacher Behaviour, Fairness & Professional Conduct"
in terms of lecture delivery that is good.,1,in terms of lecture delivery that is good,5,Classroom Management & Academic Practices
not effective in terms of lecture delivery by all the faculty .,0,not effective in terms of lecture delivery by all the faculty,5,Classroom Management & Academic Practices
not satisfactory from teacher-student point of view,0,not satisfactory from teacher student point of view,3,Teacher Performance & Student Support
accurate contents are delivered,1,accurate contents are delivered,6,Subject Knowledge & Practical Learning
the standard of teaching depends on the particular teacher teaching the subject,2,the standard of teaching depends on the particular teacher teaching the subject,3,Teacher Performance & Student Support
not good at all,0,not good at all,4,"Teacher Behaviour, Fairness & Professional Conduct"
"it is good , depending on teacher and his experience",1,it is good depending on teacher and his experience,0,Teaching Methodology & Teaching Style
fails to describe a topic,0,fails to describe a topic,6,Subject Knowledge & Practical Learning
the way of teaching is good,1,the way of teaching is good,0,Teaching Methodology & Teaching Style
good teaching delivery,1,good teaching delivery,0,Teaching Methodology & Teaching Style
a few lacks in interaction with students,0,a few lacks in interaction with students,5,Classroom Management & Academic Practices
good and qualified teachers,1,good and qualified teachers,0,Teaching Methodology & Teaching Style
average,0,average,4,"Teacher Behaviour, Fairness & Professional Conduct"
lecture given are fruitful and teachers are punctual,1,lecture given are fruitful and teachers are punctual,5,Classroom Management & Academic Practices
punctuality is maintained by everyone.,1,punctuality is maintained by everyone,4,"Teacher Behaviour, Fairness & Professional Conduct"
lecture delivery not of top quality.,0,lecture delivery not of top quality,5,Classroom Management & Academic Practices
teaching staff encourages student class participation,1,teaching staff encourages student class participation,5,Classroom Management & Academic Practices
all activties are good,1,all activties are good,4,"Teacher Behaviour, Fairness & Professional Conduct"
they are biased,0,they are biased,4,"Teacher Behaviour, Fairness & Professional Conduct"
teaching methodology needs to be improved,2,teaching methodology needs to be improved,0,Teaching Methodology & Teaching Style
satisfied,1,satisfied,4,"Teacher Behaviour, Fairness & Professional Conduct"
they are consious about the concept of skill development.,1,they are consious about the concept of skill development,6,Subject Knowledge & Practical Learning
lecture delivery depends on individual teacher's knowledge,2,lecture delivery depends on individual teacher s knowledge,5,Classroom Management & Academic Practices
I am not satisfied,0,i am not satisfied,4,"Teacher Behaviour, Fairness & Professional Conduct"
not bad.,1,not bad,4,"Teacher Behaviour, Fairness & Professional Conduct"
way of teaching is average,0,way of teaching is average,0,Teaching Methodology & Teaching Style
not good,0,not good,4,"Teacher Behaviour, Fairness & Professional Conduct"
they are mostly available for interaction and councelling hours,1,they are mostly available for interaction and councelling hours,6,Subject Knowledge & Practical Learning
the faculty is good,1,the faculty is good,0,Teaching Methodology & Teaching Style
few lecturers do not have command on the subject and lag in the teaching,0,few lecturers do not have command on the subject and lag in the teaching,5,Classroom Management & Academic Practices
everything is good about the faculty members,1,everything is good about the faculty members,5,Classroom Management & Academic Practices
I am satisfied with teaching activities in my department,1,i am satisfied with teaching activities in my department,0,Teaching Methodology & Teaching Style
lecture delivery needs more lucidity.,0,lecture delivery needs more lucidity,5,Classroom Management & Academic Practices
course content delivery is better,1,course content delivery is better,6,Subject Knowledge & Practical Learning
"no coordination, creating communication gap",0,no coordination creating communication gap,6,Subject Knowledge & Practical Learning
Teachers are punctual and very helpful.,1,teachers are punctual and very helpful,3,Teacher Performance & Student Support
it is better to reduce the speed of  lecture delivery to understand the student better,2,it is better to reduce the speed of lecture delivery to understand the student better,5,Classroom Management & Academic Practices
WE get equal and all opportunities in all respects and fields.,1,we get equal and all opportunities in all respects and fields,4,"Teacher Behaviour, Fairness & Professional Conduct"
teachers are pretty interactive.,1,teachers are pretty interactive,3,Teacher Performance & Student Support
teaching delivery is often good.,1,teaching delivery is often good,0,Teaching Methodology & Teaching Style
some teachers are partial in their approach,0,some teachers are partial in their approach,3,Teacher Performance & Student Support
they are not fair in awarding marks and grades,0,they are not fair in awarding marks and grades,5,Classroom Management & Academic Practices
Very good indeed. ,1,very good indeed,4,"Teacher Behaviour, Fairness & Professional Conduct"
Teaching is excellent,1,teaching is excellent,0,Teaching Methodology & Teaching Style
"interaction of some faculty was not good at all,",0,interaction of some faculty was not good at all,5,Classroom Management & Academic Practices
good - I like the teaching style,1,good i like the teaching style,0,Teaching Methodology & Teaching Style
one teacher showing partiality based on gender,0,one teacher showing partiality based on gender,3,Teacher Performance & Student Support
very good indeed,1,very good indeed,4,"Teacher Behaviour, Fairness & Professional Conduct"
Also they are unfair and baised. ,0,also they are unfair and baised,4,"Teacher Behaviour, Fairness & Professional Conduct"
teaching is good some lecturers are showing partiality between south people and north people,0,teaching is good some lecturers are showing partiality between south people and north people,0,Teaching Methodology & Teaching Style
CLASSES are held REGULARLY.,1,classes are held regularly,5,Classroom Management & Academic Practices
All terms are good regarding the university activities,1,all terms are good regarding the university activities,5,Classroom Management & Academic Practices
need improvement,0,need improvement,6,Subject Knowledge & Practical Learning
no teaching material is provided to us,0,no teaching material is provided to us,0,Teaching Methodology & Teaching Style
recommend and referred books are of top class,1,recommend and referred books are of top class,5,Classroom Management & Academic Practices
Each topic is taught in depth.,1,each topic is taught in depth,0,Teaching Methodology & Teaching Style
Some of the teacher are inexperienced.,0,some of the teacher are inexperienced,3,Teacher Performance & Student Support
Infact many of the teachers are having no experience about the subject ,0,infact many of the teachers are having no experience about the subject,3,Teacher Performance & Student Support
QUALITY BELOW AVERAGE,0,quality below average,4,"Teacher Behaviour, Fairness & Professional Conduct"
Even a single point is elaborated enough to understand. ,1,even a single point is elaborated enough to understand,6,Subject Knowledge & Practical Learning
the material provided is beneficial and provides much knowledge,1,the material provided is beneficial and provides much knowledge,6,Subject Knowledge & Practical Learning
TEACHING is not appropriate,0,teaching is not appropriate,3,Teacher Performance & Student Support
THEY PROVIDED HELPFUL CONTENTS FOT THE STUDENTS.,1,they provided helpful contents fot the students,5,Classroom Management & Academic Practices
depth of course is less,0,depth of course is less,4,"Teacher Behaviour, Fairness & Professional Conduct"
Satisfied knowedgeable and proper course material,1,satisfied knowedgeable and proper course material,0,Teaching Methodology & Teaching Style
content does not provide deep knowledge,0,content does not provide deep knowledge,6,Subject Knowledge & Practical Learning
THEY PROVIDE INDEPTH ENGINEERING KNOWLEDGE,1,they provide indepth engineering knowledge,6,Subject Knowledge & Practical Learning
sometime it is irrelevent with the ongoing courses.,0,sometime it is irrelevent with the ongoing courses,5,Classroom Management & Academic Practices
TEACHER PROVED ALL HELPFUL DURING COVID-19,1,teacher proved all helpful during covid,0,Teaching Methodology & Teaching Style
some OF THE TEACHERS are just formality,0,some of the teachers are just formality,3,Teacher Performance & Student Support
very knowledgeable,1,very knowledgeable,6,Subject Knowledge & Practical Learning
optimum content,1,optimum content,6,Subject Knowledge & Practical Learning
